{
    "шахта_NOUN распадская_PROPN": {
        "difference": 675.5351463985012,
        "freq1": 0.02974237305174444,
        "freq2": 20.092018333749017
    },
    "украина_PROPN виктор::янукович_PROPN": {
        "difference": 468.48257830731967,
        "freq1": 0.02974237305174444,
        "freq2": 13.93378361225938
    },
    "станция_NOUN лубянка_PROPN": {
        "difference": 205.4839880298846,
        "freq1": 0.05948474610348888,
        "freq2": 12.223162856290035
    },
    "аномальный_ADJ жара_NOUN": {
        "difference": 197.1182277029682,
        "freq1": 0.11896949220697776,
        "freq2": 23.451055454561544
    },
    "природный_ADJ пожар_NOUN": {
        "difference": 100.45063686657733,
        "freq1": 0.5056203418796555,
        "freq2": 50.78988535450796
    },
    "нефть_NOUN мексиканский_ADJ": {
        "difference": 97.77482382083568,
        "freq1": 0.11896949220697776,
        "freq2": 11.632221140591534
    },
    "долговой_ADJ кризис_NOUN": {
        "difference": 60.80115094741042,
        "freq1": 0.2081966113622111,
        "freq2": 12.65859359417314
    },
    "джалал-абадский_ADJ область_NOUN": {
        "difference": 50.49333911603126,
        "freq1": 0.2081966113622111,
        "freq2": 10.512542100320692
    },
    "информация_NOUN рапси_PROPN": {
        "difference": 41.567371624365975,
        "freq1": 0.47587796882791106,
        "freq2": 19.780996378118225
    },
    "агентство_NOUN правовой_ADJ": {
        "difference": 29.628734491162326,
        "freq1": 0.7138169532418666,
        "freq2": 21.149492982893698
    },
    "life_PROPN news_PROPN": {
        "difference": 29.44104115049433,
        "freq1": 0.38665084967267777,
        "freq2": 11.383403576086902
    },
    "судебный_ADJ информация_NOUN": {
        "difference": 27.34960106876522,
        "freq1": 0.7733016993453555,
        "freq2": 21.149492982893698
    },
    "мексиканский_ADJ залив_NOUN": {
        "difference": 26.53965345090727,
        "freq1": 1.7250576370011776,
        "freq2": 45.78243186885224
    },
    "утечка_NOUN нефть_NOUN": {
        "difference": 25.975685815075487,
        "freq1": 0.7435593262936111,
        "freq2": 19.31446344467204
    },
    "вулканический_ADJ пепел_NOUN": {
        "difference": 24.18227594499278,
        "freq1": 0.47587796882791106,
        "freq2": 11.50781235833922
    },
    "торфяной_ADJ пожар_NOUN": {
        "difference": 21.810732280889244,
        "freq1": 0.6245898340866333,
        "freq2": 13.622761656628589
    },
    "сергей_PROPN собянин_PROPN": {
        "difference": 20.734104258521306,
        "freq1": 0.8625288185005888,
        "freq2": 17.88376244877041
    },
    "ошский_ADJ область_NOUN": {
        "difference": 20.11473255074757,
        "freq1": 0.5056203418796555,
        "freq2": 10.170417949126822
    },
    "юг_NOUN киргизия_PROPN": {
        "difference": 20.018069353692862,
        "freq1": 0.8327864454488444,
        "freq2": 16.670776821810325
    },
    "развитие_PROPN физический_ADJ": {
        "difference": 17.378871155320425,
        "freq1": 1.2491796681732665,
        "freq2": 21.70933250302912
    },
    "компания_NOUN bp_PROPN": {
        "difference": 15.511513939490866,
        "freq1": 0.8922711915523333,
        "freq2": 13.840477025570141
    },
    "спорт_NOUN рф_PROPN": {
        "difference": 15.229973928488874,
        "freq1": 1.1599525490180331,
        "freq2": 17.666047079828857
    },
    "виктор_PROPN янукович_PROPN": {
        "difference": 13.92301540122519,
        "freq1": 1.0409830568110554,
        "freq2": 14.4936231323948
    },
    "польский_ADJ президент_NOUN": {
        "difference": 13.719846936142932,
        "freq1": 0.7435593262936111,
        "freq2": 10.201520144689903
    },
    "поселок_NOUN речник_PROPN": {
        "difference": 12.60092649241786,
        "freq1": 1.1896949220697777,
        "freq2": 14.991258261404063
    },
    "временный_ADJ правительство_NOUN": {
        "difference": 12.574783491396248,
        "freq1": 4.758779688279111,
        "freq2": 59.84062426336394
    },
    "правовой_ADJ судебный_ADJ": {
        "difference": 12.059513374486375,
        "freq1": 1.8440271292081554,
        "freq2": 22.238069827601464
    },
    "инновационный_ADJ центр_NOUN": {
        "difference": 11.535599200787098,
        "freq1": 0.9517559376558221,
        "freq2": 10.979075033766877
    },
    "правительство_NOUN киргизия_PROPN": {
        "difference": 10.206227598838034,
        "freq1": 1.4871186525872222,
        "freq2": 15.177871434782537
    },
    "штат_NOUN луизиан_PROPN": {
        "difference": 9.633973993496836,
        "freq1": 1.3978915334319888,
        "freq2": 13.467250678813194
    },
    "температурный_ADJ рекорд_NOUN": {
        "difference": 9.157116033516623,
        "freq1": 1.1004678029145445,
        "freq2": 10.077111362437586
    },
    "президент_NOUN польша_PROPN": {
        "difference": 8.59903633603236,
        "freq1": 3.8665084967267775,
        "freq2": 33.24824705693141
    },
    "траурный_ADJ мероприятие_NOUN": {
        "difference": 8.455908606301296,
        "freq1": 1.7250576370011776,
        "freq2": 14.586929719084036
    },
    "снос_NOUN дом_NOUN": {
        "difference": 7.975830820153368,
        "freq1": 1.7548000100529222,
        "freq2": 13.995988003385536
    },
    "65-летие_NOUN победа_PROPN": {
        "difference": 7.744864052653094,
        "freq1": 2.8552678129674662,
        "freq2": 22.113661045349147
    },
    "угольный_ADJ шахта_NOUN": {
        "difference": 7.548197385876863,
        "freq1": 1.6358305178459442,
        "freq2": 12.347571638542352
    },
    "извержение_NOUN вулкан_NOUN": {
        "difference": 7.320040286051869,
        "freq1": 1.695315263949433,
        "freq2": 12.409776029668508
    },
    "мир_NOUN юар_PROPN": {
        "difference": 7.1913362810223855,
        "freq1": 1.9332542483633888,
        "freq2": 13.9026814166963
    },
    "спортивный_ADJ держава_NOUN": {
        "difference": 6.733803293445984,
        "freq1": 1.9629966214151329,
        "freq2": 13.218433114308562
    },
    "экологический_ADJ катастрофа_NOUN": {
        "difference": 6.730634444837303,
        "freq1": 1.6358305178459442,
        "freq2": 11.010177229329955
    },
    "новый_ADJ власть_NOUN": {
        "difference": 6.63873783518557,
        "freq1": 1.9629966214151329,
        "freq2": 13.031819940930088
    },
    "пенсионный_ADJ возраст_NOUN": {
        "difference": 6.577285864503215,
        "freq1": 3.1824339165366555,
        "freq2": 20.931777613952146
    },
    "рамка_NOUN федеральный_ADJ": {
        "difference": 6.250001174469535,
        "freq1": 2.557844082450022,
        "freq2": 15.986528519422588
    },
    "новый_ADJ мэр_NOUN": {
        "difference": 6.207925321957821,
        "freq1": 1.8737695022599,
        "freq2": 11.632221140591534
    },
    "программа_NOUN развитие_PROPN": {
        "difference": 6.149829764132012,
        "freq1": 3.7475390045198,
        "freq2": 23.046726912241517
    },
    "химкинский_ADJ лес_NOUN": {
        "difference": 6.124931667920952,
        "freq1": 5.413111895417488,
        "freq2": 33.15494047024218
    },
    "россия_PROPN спортивный_ADJ": {
        "difference": 5.78793883083171,
        "freq1": 2.557844082450022,
        "freq2": 14.80464508802559
    },
    "москва_PROPN сергей_PROPN": {
        "difference": 5.689947281174772,
        "freq1": 4.044962735037244,
        "freq2": 23.01562471667844
    },
    "международный_ADJ спортивный_ADJ": {
        "difference": 5.553621298104988,
        "freq1": 2.200935605829089,
        "freq2": 12.223162856290035
    },
    "мясо_NOUN птица_NOUN": {
        "difference": 5.49811567877239,
        "freq1": 2.885010186019211,
        "freq2": 15.862119737170273
    },
    "манежный_ADJ площадь_NOUN": {
        "difference": 5.442012457560427,
        "freq1": 4.372128838606433,
        "freq2": 23.793179605755412
    },