{
    "коротко_ADV дело_NOUN": {
        "difference": 5524.04528474888,
        "freq1": 0.029011008343159846,
        "freq2": 160.25812384384255
    },
    "вспышка_NOUN новый_ADJ": {
        "difference": 4035.916321467906,
        "freq1": 0.029011008343159846,
        "freq2": 117.08600207440041
    },
    "здравоохранение_NOUN март_NOUN": {
        "difference": 3402.885610771912,
        "freq1": 0.029011008343159846,
        "freq2": 98.72114284492253
    },
    "россия_PROPN telegram_PROPN": {
        "difference": 2756.0332688380154,
        "freq1": 0.029011008343159846,
        "freq2": 79.95530415628576
    },
    "радиостанция_NOUN россия_PROPN": {
        "difference": 2755.1118267554884,
        "freq1": 0.029011008343159846,
        "freq2": 79.92857219234183
    },
    "время_NOUN пандемия_NOUN": {
        "difference": 2700.7467438863996,
        "freq1": 0.029011008343159846,
        "freq2": 78.35138631965013
    },
    "объявлять_VERB вспышка_NOUN": {
        "difference": 2002.293645330995,
        "freq1": 0.05802201668631969,
        "freq2": 116.17711530030688
    },
    "валюта_NOUN как_ADV": {
        "difference": 1730.468230985554,
        "freq1": 0.029011008343159846,
        "freq2": 50.20262828669497
    },
    "история_NOUN свет_NOUN": {
        "difference": 1730.468230985554,
        "freq1": 0.029011008343159846,
        "freq2": 50.20262828669497
    },
    "язык_NOUN телегра_PROPN": {
        "difference": 1729.546788903027,
        "freq1": 0.029011008343159846,
        "freq2": 50.175896322751036
    },
    "число_NOUN заражать_VERB": {
        "difference": 1472.4644478780167,
        "freq1": 0.05802201668631969,
        "freq2": 85.4353567647908
    },
    "самый_ADJ цитируемый_ADJ": {
        "difference": 1375.7130292126903,
        "freq1": 0.05802201668631969,
        "freq2": 79.82164433656612
    },
    "дзен_PROPN самый_ADJ": {
        "difference": 1293.7046838677943,
        "freq1": 0.029011008343159846,
        "freq2": 37.53167737727355
    },
    "число_NOUN заразиться_VERB": {
        "difference": 1254.5433953604004,
        "freq1": 0.05802201668631969,
        "freq2": 72.7911378193133
    },
    "карантинный_ADJ мера_NOUN": {
        "difference": 1211.6963385228987,
        "freq1": 0.029011008343159846,
        "freq2": 35.15253258626405
    },
    "водомет_NOUN светошумовый_ADJ": {
        "difference": 1139.823856085799,
        "freq1": 0.029011008343159846,
        "freq2": 33.06743939863774
    },
    "российский_ADJ вакцина_NOUN": {
        "difference": 1030.632969306359,
        "freq1": 0.05802201668631969,
        "freq2": 59.79940334256477
    },
    "устанавливать_VERB возбудитель_NOUN": {
        "difference": 1024.6435957699339,
        "freq1": 0.029011008343159846,
        "freq2": 29.725943905646858
    },
    "заразиться_VERB более_ADV": {
        "difference": 891.9559358860577,
        "freq1": 0.029011008343159846,
        "freq2": 25.87654109772137
    },
    "москва_NOUN апрель_NOUN": {
        "difference": 880.8986308957346,
        "freq1": 0.029011008343159846,
        "freq2": 25.555757530394242
    },
    "экономика_NOUN понятный_ADJ": {
        "difference": 864.7733944515135,
        "freq1": 0.05802201668631969,
        "freq2": 50.175896322751036
    },
    "февраль_NOUN sputnik_PROPN": {
        "difference": 855.0982525849809,
        "freq1": 0.029011008343159846,
        "freq2": 24.807262539964285
    },
    "начинаться_VERB белоруссия_PROPN": {
        "difference": 842.1980634296041,
        "freq1": 0.029011008343159846,
        "freq2": 24.433015044749308
    },
    "испытание_NOUN вакцина_NOUN": {
        "difference": 835.7479688519155,
        "freq1": 0.029011008343159846,
        "freq2": 24.245891297141817
    },
    "берлинский_ADJ клиника_NOUN": {
        "difference": 821.0048955314849,
        "freq1": 0.029011008343159846,
        "freq2": 23.818179874038986
    },
    "деньги_NOUN отдых_NOUN": {
        "difference": 805.3403801285273,
        "freq1": 0.05802201668631969,
        "freq2": 46.727472973984455
    },
    "телегра_PROPN канал_NOUN": {
        "difference": 744.709491098256,
        "freq1": 0.2901100834315985,
        "freq2": 216.04773259481829
    },
    "центр_NOUN вектор_PROPN": {
        "difference": 729.7821293613199,
        "freq1": 0.029011008343159846,
        "freq2": 21.17171544359021
    },
    "сутки_NOUN выявлять_VERB": {
        "difference": 678.6420937810759,
        "freq1": 0.05802201668631969,
        "freq2": 39.37618288940452
    },
    "генерал_NOUN касем::сулеймани_PROPN": {
        "difference": 656.9882048416933,
        "freq1": 0.029011008343159846,
        "freq2": 19.059890292019976
    },
    "заражение_NOUN новый_ADJ": {
        "difference": 656.9882048416933,
        "freq1": 0.029011008343159846,
        "freq2": 19.059890292019976
    },
    "режим_NOUN изоляция_NOUN": {
        "difference": 652.3809944290587,
        "freq1": 0.029011008343159846,
        "freq2": 18.926230472300336
    },
    "сутки_NOUN регистрировать_VERB": {
        "difference": 596.1730273949166,
        "freq1": 0.029011008343159846,
        "freq2": 17.29558067172079
    },
    "новый_ADJ вирус_NOUN": {
        "difference": 595.2515853123897,
        "freq1": 0.029011008343159846,
        "freq2": 17.26884870777686
    },
    "как_ADV заработать_VERB": {
        "difference": 577.437038383536,
        "freq1": 0.08703302502947953,
        "freq2": 50.25609221458282
    },
    "заработать_VERB много_ADV": {
        "difference": 576.8227436618514,
        "freq1": 0.08703302502947953,
        "freq2": 50.20262828669497
    },
    "иранский_ADJ генерал_NOUN": {
        "difference": 526.1434291228708,
        "freq1": 0.029011008343159846,
        "freq2": 15.263951411982335
    },
    "количество_NOUN заразиться_VERB": {
        "difference": 526.1434291228708,
        "freq1": 0.029011008343159846,
        "freq2": 15.263951411982335
    },
    "воз_PROPN мир_NOUN": {
        "difference": 524.6691217908276,
        "freq1": 0.14505504171579925,
        "freq2": 76.10590134836026
    },
    "последствие_NOUN пандемия_NOUN": {
        "difference": 520.6147766277093,
        "freq1": 0.029011008343159846,
        "freq2": 15.103559628318772
    },
    "вспышка_NOUN пневмония_NOUN": {
        "difference": 504.02881914222473,
        "freq1": 0.029011008343159846,
        "freq2": 14.622384277328086
    },
    "азербайджан_PROPN обвинять_VERB": {
        "difference": 491.1286299868479,
        "freq1": 0.029011008343159846,
        "freq2": 14.248136782113109
    },
    "митинг_NOUN применять_VERB": {
        "difference": 491.1286299868479,
        "freq1": 0.029011008343159846,
        "freq2": 14.248136782113109
    },
    "тысяча_NOUN скончаться_VERB": {
        "difference": 485.13925645042286,
        "freq1": 0.11604403337263938,
        "freq2": 56.29751606591033
    },
    "клиника_NOUN шарит_VERB": {
        "difference": 481.9142091615787,
        "freq1": 0.029011008343159846,
        "freq2": 13.980817142673839
    },
    "двухнедельный_ADJ карантин_NOUN": {
        "difference": 480.0713249965249,
        "freq1": 0.029011008343159846,
        "freq2": 13.927353214785985
    },
    "начало_NOUN эпидемия_NOUN": {
        "difference": 445.36367322134424,
        "freq1": 0.08703302502947953,
        "freq2": 38.761347718694196
    },
    "ситуация_NOUN белоруссия_PROPN": {
        "difference": 445.05652586050195,
        "freq1": 0.05802201668631969,
        "freq2": 25.823077169833514
    },
    "выздороветь_VERB пациент_NOUN": {
        "difference": 433.9992208701789,
        "freq1": 0.029011008343159846,
        "freq2": 12.590755017589633
    },
    "тысяча_NOUN умирать_VERB": {
        "difference": 418.9490001889059,
        "freq1": 0.08703302502947953,
        "freq2": 36.46239881951647
    },
    "коечный_ADJ фонд_NOUN": {
        "difference": 404.5130742293175,