{
    "октябрь_NOUN р-спорт_PROPN": {
        "difference": 2535.2847935169475,
        "freq1": 0.02787499802784389,
        "freq2": 70.67105861930752
    },
    "другой_ADJ свежий_ADJ": {
        "difference": 1477.925080058707,
        "freq1": 0.02787499802784389,
        "freq2": 41.197158691937474
    },
    "выпуск_NOUN рубрика_NOUN": {
        "difference": 1270.3452590116901,
        "freq1": 0.02787499802784389,
        "freq2": 35.4108715896317
    },
    "читать_VERB подробно_ADV": {
        "difference": 1249.7134104788051,
        "freq1": 0.33449997633412665,
        "freq2": 418.02910622960104
    },
    "хост-агентство_NOUN национальный_ADJ": {
        "difference": 764.3694452095872,
        "freq1": 0.02787499802784389,
        "freq2": 21.30679677776137
    },
    "статус_NOUN специальный_ADJ": {
        "difference": 763.2883003083007,
        "freq1": 0.02787499802784389,
        "freq2": 21.276659865770196
    },
    "олимпиада_PROPN национальный_ADJ": {
        "difference": 758.9637207031545,
        "freq1": 0.02787499802784389,
        "freq2": 21.156112217805493
    },
    "химоружие_NOUN сирия_PROPN": {
        "difference": 748.152271690289,
        "freq1": 0.02787499802784389,
        "freq2": 20.85474309789373
    },
    "читать_VERB справка_NOUN": {
        "difference": 694.0950266259617,
        "freq1": 0.02787499802784389,
        "freq2": 19.347897498334934
    },
    "приостанавливать_VERB подготовка_NOUN": {
        "difference": 625.9828978449095,
        "freq1": 0.02787499802784389,
        "freq2": 17.449272042890854
    },
    "материал_NOUN ъ_PROPN": {
        "difference": 619.0635704766755,
        "freq1": 0.13937499013921945,
        "freq2": 86.28197903073664
    },
    "футбол_NOUN турнирный_ADJ": {
        "difference": 583.8182466947342,
        "freq1": 0.02787499802784389,
        "freq2": 16.273932475234993
    },
    "колонка_NOUN москва_NOUN": {
        "difference": 435.7013952184776,
        "freq1": 0.02787499802784389,
        "freq2": 12.145175532443893
    },
    "заканчиваться_VERB захват_NOUN": {
        "difference": 427.0522360081853,
        "freq1": 0.02787499802784389,
        "freq2": 11.904080236514487
    },
    "входить_VERB агентство_NOUN": {
        "difference": 378.94128790093396,
        "freq1": 0.05574999605568778,
        "freq2": 21.125975305814315
    },
    "агентство_NOUN олимпиада_PROPN": {
        "difference": 378.4007154502907,
        "freq1": 0.05574999605568778,
        "freq2": 21.09583839382314
    },
    "партнерство_NOUN вильнюс_PROPN": {
        "difference": 375.15728074643107,
        "freq1": 0.02787499802784389,
        "freq2": 10.457508460938042
    },
    "право_NOUN сайт_NOUN": {
        "difference": 373.35537257762013,
        "freq1": 0.08362499408353166,
        "freq2": 31.221840822858244
    },
    "свежий_ADJ выпуск_NOUN": {
        "difference": 370.02184246532,
        "freq1": 0.11149999211137555,
        "freq2": 41.257432515919824
    },
    "новость_PROPN вадим::дубнов_PROPN": {
        "difference": 311.36973157052483,
        "freq1": 0.05574999605568778,
        "freq2": 17.358861306917323
    },
    "специальный_ADJ уполномоченный_ADJ": {
        "difference": 254.06905180233804,
        "freq1": 0.08362499408353166,
        "freq2": 21.246522953779017
    },
    "здание_NOUN киевский_ADJ": {
        "difference": 223.2564221156715,
        "freq1": 0.05574999605568778,
        "freq2": 12.446544652355652
    },
    "огонь_NOUN зимний_ADJ": {
        "difference": 211.9044006521628,
        "freq1": 0.08362499408353166,
        "freq2": 17.720504250811437
    },
    "обзор_NOUN риа_PROPN": {
        "difference": 210.82325575087623,
        "freq1": 0.05574999605568778,
        "freq2": 11.753395676558606
    },
    "национальный_ADJ хост-агентство_NOUN": {
        "difference": 204.12015736289965,
        "freq1": 0.13937499013921945,
        "freq2": 28.44924491967006
    },
    "материал_NOUN риа_PROPN": {
        "difference": 198.0460887356716,
        "freq1": 0.3066249783062828,
        "freq2": 60.72587766221946
    },
    "подробно_ADV почему_ADV": {
        "difference": 193.52493733029152,
        "freq1": 0.05574999605568778,
        "freq2": 10.789014492840977
    },
    "ассоциация_NOUN евросоюз_PROPN": {
        "difference": 191.36264752771845,
        "freq1": 0.08362499408353166,
        "freq2": 16.00270026731441
    },
    "делить_VERB власть_NOUN": {
        "difference": 158.56791885535992,
        "freq1": 0.08362499408353166,
        "freq2": 13.260241276117402
    },
    "поддерживать_VERB мировой_ADJ": {
        "difference": 156.766010686549,
        "freq1": 0.08362499408353166,
        "freq2": 13.109556716161523
    },
    "транзитный_ADJ зона_NOUN": {
        "difference": 156.22543823590576,
        "freq1": 0.11149999211137555,
        "freq2": 17.41913513089968
    },
    "авиакомпания_NOUN татарстан_PROPN": {
        "difference": 149.1979963775432,
        "freq1": 0.08362499408353166,
        "freq2": 12.476681564346828
    },
    "сюжет_NOUN риа_PROPN": {
        "difference": 139.46769226596427,
        "freq1": 0.08362499408353166,
        "freq2": 11.662984940585078
    },
    "подробно_ADV как_ADV": {
        "difference": 138.20635654779664,
        "freq1": 0.16724998816706332,
        "freq2": 23.115011497231922
    },
    "саммит_NOUN восточный_ADJ": {
        "difference": 127.93547998557447,
        "freq1": 0.16724998816706332,
        "freq2": 21.397207513734898
    },
    "читать_VERB материал_NOUN": {
        "difference": 123.89920568743806,
        "freq1": 1.5331248915314137,
        "freq2": 189.95295628038178
    },
    "авторский_ADJ колонка_NOUN": {
        "difference": 119.0700917950248,
        "freq1": 0.41812497041765834,
        "freq2": 49.786178609422606
    },
    "удар_NOUN сирия_PROPN": {
        "difference": 108.11449012865447,
        "freq1": 0.13937499013921945,
        "freq2": 15.068455995587955
    },
    "подробно_ADV дело_NOUN": {
        "difference": 104.33048297415156,
        "freq1": 0.11149999211137555,
        "freq2": 11.632848028593902
    },
    "ассоциация_NOUN ес_PROPN": {
        "difference": 103.573681543251,
        "freq1": 0.2787499802784389,
        "freq2": 28.871161687546525
    },
    "arctic_PROPN sunrise_PROPN": {
        "difference": 102.27630766170712,
        "freq1": 0.13937499013921945,
        "freq2": 14.254759371826205
    },
    "джон_PROPN керри_PROPN": {
        "difference": 98.87561551766036,
        "freq1": 0.3066249783062828,
        "freq2": 30.31773346312297
    },
    "реформа_NOUN ран_PROPN": {
        "difference": 95.41103753853758,
        "freq1": 0.11149999211137555,
        "freq2": 10.638329932885098
    },
    "активист_NOUN greenpeace_PROPN": {
        "difference": 95.14075131321594,
        "freq1": 0.19512498619490723,
        "freq2": 18.564337786564362
    },
    "читать_VERB подробность_NOUN": {
        "difference": 95.14075131321594,
        "freq1": 0.11149999211137555,
        "freq2": 10.608193020893921
    },
    "подробно_ADV материал_NOUN": {
        "difference": 93.51903396128613,
        "freq1": 0.16724998816706332,
        "freq2": 15.641057323420297
    },
    "подготовка_NOUN подписание_NOUN": {
        "difference": 85.08610373125107,
        "freq1": 0.2787499802784389,
        "freq2": 23.717749737055442
    },
    "лидер_NOUN грозить_VERB": {
        "difference": 78.02262370951232,
        "freq1": 0.16724998816706332,
        "freq2": 13.04928289217917
    },
    "применение_NOUN химоружие_NOUN": {
        "difference": 77.97757600529206,
        "freq1": 0.2229999842227511,
        "freq2": 17.388998218908505
    },
    "ъ_PROPN online_PROPN": {
        "difference": 74.5989981887716,
        "freq1": 0.13937499013921945,
        "freq2": 10.397234636955691
    },
    "сайт_NOUN рапси_PROPN": {
        "difference": 66.3950162907737,