{
    "осама_PROPN ладен_PROPN": {
        "difference": 164.29128192123207,
        "freq1": 0.4562528772447071,
        "freq2": 74.95837008278346
    },
    "декабрь_NOUN становиться_VERB": {
        "difference": 101.3385477271151,
        "freq1": 0.4562528772447071,
        "freq2": 46.23600397629634
    },
    "сша_PROPN колин_PROPN": {
        "difference": 88.03146570234242,
        "freq1": 0.4562528772447071,
        "freq2": 40.164609514762475
    },
    "август_NOUN становиться_VERB": {
        "difference": 73.44485655980313,
        "freq1": 0.9125057544894142,
        "freq2": 67.01885424846995
    },
    "антиталибский_ADJ коалиция_NOUN": {
        "difference": 70.11808605360994,
        "freq1": 0.4562528772447071,
        "freq2": 31.991578508851507
    },
    "май_NOUN появляться_VERB": {
        "difference": 60.90549080569039,
        "freq1": 0.4562528772447071,
        "freq2": 27.788305420097295
    },
    "известный_ADJ ноябрь_NOUN": {
        "difference": 60.90549080569039,
        "freq1": 0.4562528772447071,
        "freq2": 27.788305420097295
    },
    "белый_ADJ порошок_NOUN": {
        "difference": 58.34643657015719,
        "freq1": 0.4562528772447071,
        "freq2": 26.620729562110014
    },
    "сша_PROPN афганистан_PROPN": {
        "difference": 53.740138946197405,
        "freq1": 0.4562528772447071,
        "freq2": 24.519093017732907
    },
    "сша_PROPN сентябрь_NOUN": {
        "difference": 53.22832809909077,
        "freq1": 0.4562528772447071,
        "freq2": 24.285577846135453
    },
    "слово_NOUN господин_NOUN": {
        "difference": 52.204706404877484,
        "freq1": 0.4562528772447071,
        "freq2": 23.81854750294054
    },
    "нью-йорк_PROPN вашингтон_PROPN": {
        "difference": 50.285415728227576,
        "freq1": 1.8250115089788284,
        "freq2": 91.77146243780032
    },
    "сибирский_ADJ язва_NOUN": {
        "difference": 50.01123134584902,
        "freq1": 3.1937701407129495,
        "freq2": 159.7243773726601
    },
    "сообщать_VERB спорт-экспресс_PROPN": {
        "difference": 48.622030475130984,
        "freq1": 0.4562528772447071,
        "freq2": 22.183941301758345
    },
    "режим_NOUN талибан_PROPN": {
        "difference": 47.086597933811056,
        "freq1": 0.4562528772447071,
        "freq2": 21.483395786965975
    },
    "сша_PROPN джордж::буш_PROPN": {
        "difference": 47.086597933811056,
        "freq1": 0.4562528772447071,
        "freq2": 21.483395786965975
    },
    "событие_NOUN сентябрь_NOUN": {
        "difference": 46.06297623959778,
        "freq1": 0.4562528772447071,
        "freq2": 21.016365443771065
    },
    "террористический_ADJ атака_NOUN": {
        "difference": 46.06297623959778,
        "freq1": 0.4562528772447071,
        "freq2": 21.016365443771065
    },
    "сообщать_VERB октябрь_NOUN": {
        "difference": 45.03935454538449,
        "freq1": 0.4562528772447071,
        "freq2": 20.54933510057615
    },
    "теракт_NOUN сентябрь_NOUN": {
        "difference": 41.71258403919132,
        "freq1": 1.8250115089788284,
        "freq2": 76.12594594077075
    },
    "удар_NOUN афганистан_PROPN": {
        "difference": 41.456678615638005,
        "freq1": 0.4562528772447071,
        "freq2": 18.91472889939396
    },
    "известный_ADJ декабрь_NOUN": {
        "difference": 40.94486776853135,
        "freq1": 0.9125057544894142,
        "freq2": 37.362427455593
    },
    "ноябрь_NOUN становиться_VERB": {
        "difference": 38.38581353299816,
        "freq1": 0.9125057544894142,
        "freq2": 35.027275739618446
    },
    "мулла_NOUN омар_PROPN": {
        "difference": 37.874002685891504,
        "freq1": 0.9125057544894142,
        "freq2": 34.560245396423525
    },
    "северный_ADJ альянс_NOUN": {
        "difference": 37.419059710685595,
        "freq1": 4.106275895202364,
        "freq2": 153.6529829111262
    },
    "здание_NOUN всемирный_ADJ": {
        "difference": 36.338570144571584,
        "freq1": 0.4562528772447071,
        "freq2": 16.579577183419396
    },
    "октябрь_NOUN становиться_VERB": {
        "difference": 36.338570144571584,
        "freq1": 0.4562528772447071,
        "freq2": 16.579577183419396
    },
    "талибан_PROPN мулла_NOUN": {
        "difference": 32.755894214825084,
        "freq1": 0.4562528772447071,
        "freq2": 14.944970982237201
    },
    "сообщать_VERB сентябрь_NOUN": {
        "difference": 32.244083367718446,
        "freq1": 0.4562528772447071,
        "freq2": 14.711455810639745
    },
    "сообщать_VERB ananova_PROPN": {
        "difference": 29.429123708631913,
        "freq1": 0.9125057544894142,
        "freq2": 26.85424473370747
    },
    "единство_PROPN отечество_PROPN": {
        "difference": 28.14959659086531,
        "freq1": 0.4562528772447071,
        "freq2": 12.843334437860095
    },
    "сообщать_VERB bloomberg_PROPN": {
        "difference": 27.637785743758666,
        "freq1": 0.9125057544894142,
        "freq2": 25.219638532525277
    },
    "белоруссия_PROPN павел_PROPN": {
        "difference": 27.637785743758666,
        "freq1": 0.4562528772447071,
        "freq2": 12.609819266262638
    },
    "пакистанский_ADJ газета_NOUN": {
        "difference": 27.637785743758666,
        "freq1": 0.4562528772447071,
        "freq2": 12.609819266262638
    },
    "наземный_ADJ операция_NOUN": {
        "difference": 27.12597489665203,
        "freq1": 0.4562528772447071,
        "freq2": 12.376304094665183
    },
    "сообщать_VERB известия_PROPN": {
        "difference": 27.12597489665203,
        "freq1": 0.4562528772447071,
        "freq2": 12.376304094665183
    },
    "американский_ADJ ввс_PROPN": {
        "difference": 26.614164049545384,
        "freq1": 0.4562528772447071,
        "freq2": 12.142788923067727
    },
    "удар_NOUN сша_PROPN": {
        "difference": 26.614164049545384,
        "freq1": 0.4562528772447071,
        "freq2": 12.142788923067727
    },
    "торги_NOUN фондовый_ADJ": {
        "difference": 26.102353202438742,
        "freq1": 0.4562528772447071,
        "freq2": 11.90927375147027
    },
    "май_NOUN президент_PROPN": {
        "difference": 26.102353202438742,
        "freq1": 0.4562528772447071,
        "freq2": 11.90927375147027
    },
    "бактериологический_ADJ оружие_NOUN": {
        "difference": 25.07873150822546,
        "freq1": 0.4562528772447071,
        "freq2": 11.442243408275358
    },
    "декабрь_NOUN президент_NOUN": {
        "difference": 24.055109814012173,
        "freq1": 0.9125057544894142,
        "freq2": 21.95042613016089
    },
    "территория_NOUN пакистан_PROPN": {
        "difference": 23.543298966905528,
        "freq1": 0.4562528772447071,
        "freq2": 10.741697893482987
    },
    "язва_NOUN сообщать_VERB": {
        "difference": 23.543298966905528,
        "freq1": 0.4562528772447071,
        "freq2": 10.741697893482987
    },
    "снижение_NOUN процентный_ADJ": {
        "difference": 23.543298966905528,
        "freq1": 0.4562528772447071,
        "freq2": 10.741697893482987
    },
    "клонирование_NOUN человек_NOUN": {
        "difference": 23.543298966905528,
        "freq1": 0.4562528772447071,
        "freq2": 10.741697893482987
    },
    "предприниматель_NOUN михаил_PROPN": {
        "difference": 23.543298966905528,
        "freq1": 0.4562528772447071,
        "freq2": 10.741697893482987
    },
    "организация_NOUN аль-каида_PROPN": {
        "difference": 23.133850289220216,
        "freq1": 2.2812643862235356,
        "freq2": 52.774428781025115
    },
    "самолет_NOUN сша_PROPN": {
        "difference": 23.03148811979889,
        "freq1": 0.4562528772447071,
        "freq2": 10.508182721885532
    },
    "заявлять_VERB ноябрь_NOUN": {
        "difference": 22.519677272692245,
        "freq1": 0.4562528772447071,
        "freq2": 10.274667550288076
    },
    "биржа_NOUN nymex_PROPN": {
        "difference": 22.519677272692245,
        "freq1": 0.4562528772447071,