{
    "платон::лебедев_PROPN": {
        "difference": 119.64533195069045,
        "freq1": 0.4931240427229521,
        "freq2": 58.999989784454066
    },
    "магистратский_ADJ": {
        "difference": 114.14925663140077,
        "freq1": 0.1643746809076507,
        "freq2": 18.763247634632034
    },
    "коданев_PROPN": {
        "difference": 100.19768082089627,
        "freq1": 0.1643746809076507,
        "freq2": 16.469961812621456
    },
    "неджеф_PROPN": {
        "difference": 98.929355747214,
        "freq1": 0.1643746809076507,
        "freq2": 16.261481283347763
    },
    "фаллудж_PROPN": {
        "difference": 98.929355747214,
        "freq1": 0.1643746809076507,
        "freq2": 16.261481283347763
    },
    "апатит_VERB": {
        "difference": 93.8560554524851,
        "freq1": 0.1643746809076507,
        "freq2": 15.427559166253006
    },
    "рггу_PROPN": {
        "difference": 92.58773037880287,
        "freq1": 0.1643746809076507,
        "freq2": 15.219078636979319
    },
    "менатеп_PROPN": {
        "difference": 92.2706491103823,
        "freq1": 0.6574987236306028,
        "freq2": 60.667834018643575
    },
    "минарди_PROPN": {
        "difference": 81.17280471566278,
        "freq1": 0.1643746809076507,
        "freq2": 13.342753873516113
    },
    "веб-сайть_NOUN": {
        "difference": 77.36782949461609,
        "freq1": 0.1643746809076507,
        "freq2": 12.717312285695046
    },
    "смертница_NOUN": {
        "difference": 71.02620412620493,
        "freq1": 0.4931240427229521,
        "freq2": 35.0247289179798
    },
    "леонид::невзлин_PROPN": {
        "difference": 68.48955397884048,
        "freq1": 0.1643746809076507,
        "freq2": 11.257948580779221
    },
    "михаил::саакашвили_PROPN": {
        "difference": 56.651853291139645,
        "freq1": 0.4931240427229521,
        "freq2": 27.936390922674363
    },
    "вулкан_PROPN": {
        "difference": 46.92802772624255,
        "freq1": 0.3287493618153014,
        "freq2": 15.427559166253006
    },
    "василий::шахновский_PROPN": {
        "difference": 46.29386518940144,
        "freq1": 0.3287493618153014,
        "freq2": 15.219078636979319
    },
    "шахновский_PROPN": {
        "difference": 45.97678392098087,
        "freq1": 0.6574987236306028,
        "freq2": 30.229676744684944
    },
    "мусават_PROPN": {
        "difference": 45.025540115719195,
        "freq1": 0.3287493618153014,
        "freq2": 14.802117578431938
    },
    "анатолий::попов_PROPN": {
        "difference": 44.391377578878085,
        "freq1": 0.3287493618153014,
        "freq2": 14.59363704915825
    },
    "паксас_PROPN": {
        "difference": 44.391377578878085,
        "freq1": 0.3287493618153014,
        "freq2": 14.59363704915825
    },
    "макларен_PROPN": {
        "difference": 44.39137757887808,
        "freq1": 0.4931240427229521,
        "freq2": 21.890455573737373
    },
    "аль-самуд_PROPN": {
        "difference": 41.220564894672506,
        "freq1": 0.3287493618153014,
        "freq2": 13.551234402789802
    },
    "тикрит_PROPN": {
        "difference": 40.332737343094955,
        "freq1": 0.8218734045382534,
        "freq2": 33.1484041545166
    },
    "оборотень_NOUN": {
        "difference": 38.89530225958841,
        "freq1": 0.4931240427229521,
        "freq2": 19.180208693179413
    },
    "саакашвили_PROPN": {
        "difference": 38.683914747308044,
        "freq1": 0.6574987236306028,
        "freq2": 25.434624571390092
    },
    "пневмония_NOUN": {
        "difference": 37.90882720228002,
        "freq1": 1.479372128168856,
        "freq2": 56.08126237462242
    },
    "моздокский_ADJ": {
        "difference": 37.41558967362581,
        "freq1": 0.3287493618153014,
        "freq2": 12.300351227147667
    },
    "ходорковский_PROPN": {
        "difference": 37.34512716953236,
        "freq1": 2.958744256337712,
        "freq2": 110.49468051505532
    },
    "киркук_PROPN": {
        "difference": 37.09850840520526,
        "freq1": 0.6574987236306028,
        "freq2": 24.392221925021648
    },
    "вишняков_PROPN": {
        "difference": 36.7814271367847,
        "freq1": 0.3287493618153014,
        "freq2": 12.09187069787398
    },
    "басра_PROPN": {
        "difference": 35.85900890137944,
        "freq1": 1.8081214899841576,
        "freq2": 64.83744460411737
    },
    "матрица_PROPN": {
        "difference": 35.09032703854172,
        "freq1": 0.4931240427229521,
        "freq2": 17.30388392971621
    },
    "монровия_PROPN": {
        "difference": 34.878939526261355,
        "freq1": 0.3287493618153014,
        "freq2": 11.46642911005291
    },
    "керченский_ADJ": {
        "difference": 30.862576792934288,
        "freq1": 0.4931240427229521,
        "freq2": 15.219078636979319
    },
    "националь_PROPN": {
        "difference": 30.862576792934288,
        "freq1": 0.4931240427229521,
        "freq2": 15.219078636979319
    },
    "beagle_PROPN": {
        "difference": 30.439801768373545,
        "freq1": 0.3287493618153014,
        "freq2": 10.007065405137086
    },
    "челси_PROPN": {
        "difference": 29.7479880918196,
        "freq1": 1.8081214899841576,
        "freq2": 53.78797655261183
    },
    "динар_NOUN": {
        "difference": 27.903151621009084,
        "freq1": 0.6574987236306028,
        "freq2": 18.34628657608466
    },
    "цунтинский_ADJ": {
        "difference": 26.63482654732685,
        "freq1": 0.4931240427229521,
        "freq2": 13.134273344242425
    },
    "шварценеггер_PROPN": {
        "difference": 26.00066401048574,
        "freq1": 1.6437468090765068,
        "freq2": 42.7385085011063
    },
    "голенищев_PROPN": {
        "difference": 23.464013863121274,
        "freq1": 0.9862480854459043,
        "freq2": 23.14133874937951
    },
    "скуратов_PROPN": {
        "difference": 21.984301277158668,
        "freq1": 0.4931240427229521,
        "freq2": 10.840987522231842
    },
    "махмуд::аббас_PROPN": {
        "difference": 21.9074330908749,
        "freq1": 1.8081214899841576,
        "freq2": 39.61130056200096
    },
    "ильхам_NOUN": {
        "difference": 21.87860752101848,
        "freq1": 0.6574987236306028,
        "freq2": 14.385156519884559
    },
    "баср_PROPN": {
        "difference": 21.742715548838245,
        "freq1": 1.1506227663535549,
        "freq2": 25.017663512842713
    },
    "антииракский_ADJ": {
        "difference": 21.22330623294933,
        "freq1": 2.4656202136147605,
        "freq2": 52.32861284769601
    },
    "дубов_PROPN": {
        "difference": 20.92736371575681,
        "freq1": 0.6574987236306028,
        "freq2": 13.759714932063494
    },
    "юкос_NOUN": {
        "difference": 20.1209595022428,
        "freq1": 13.314349153519705,
        "freq2": 267.8974801166907
    },
    "бурджанадзе_PROPN": {
        "difference": 20.062596620064383,
        "freq1": 1.8081214899841576,
        "freq2": 36.27561209362194
    },
    "михаил::коданев_PROPN": {
        "difference": 19.65903864207458,
        "freq1": 0.6574987236306028,
        "freq2": 12.925792814968736
    },
    "кусать_ADJ": {
        "difference": 18.77121109049702,
        "freq1": 0.8218734045382534,
        "freq2": 15.427559166253006
    },
    "георгий::ярцев_PROPN": {
        "difference": 18.39071356839235,
        "freq1": 0.6574987236306028,
        "freq2": 12.09187069787398
    },
    "sky_PROPN": {
        "difference": 18.13362064805136,
        "freq1": 6.081863193583075,
        "freq2": 110.28619998578164
    },
    "мосул_PROPN": {
        "difference": 17.88338353891946,
        "freq1": 3.2874936181530137,
        "freq2": 58.79150925518038
    },
    "илим::палп_PROPN": {
        "difference": 17.87185331097689,
        "freq1": 1.8081214899841576,
        "freq2": 32.31448203742183
    },
    "госканцелярия_PROPN": {
        "difference": 17.439469763130678,
        "freq1": 0.6574987236306028,
        "freq2": 11.46642911005291
    },