{
    "позиция_NOUN редакция_NOUN": {
        "difference": 688.6889657455612,
        "freq1": 0.05694796817906992,
        "freq2": 39.219437306554795
    },
    "редакция_NOUN москва_NOUN": {
        "difference": 362.8666799955219,
        "freq1": 0.05694796817906992,
        "freq2": 20.66452014562973
    },
    "река_NOUN сунгари_PROPN": {
        "difference": 293.82939981075907,
        "freq1": 0.05694796817906992,
        "freq2": 16.73298731049832
    },
    "январь_NOUN риа_PROPN": {
        "difference": 268.8524976300928,
        "freq1": 0.6833756181488391,
        "freq2": 183.72724175882396
    },
    "победа_PROPN день_PROPN": {
        "difference": 268.0105795790591,
        "freq1": 0.17084390453720977,
        "freq2": 45.787973872567036
    },
    "день_PROPN день_NOUN": {
        "difference": 207.53279957980547,
        "freq1": 0.22779187271627968,
        "freq2": 47.274285066336226
    },
    "бишкек_NOUN мар_NOUN": {
        "difference": 182.69621707431148,
        "freq1": 0.05694796817906992,
        "freq2": 10.40417835638434
    },
    "торговаться_VERB доллар_NOUN": {
        "difference": 179.32854487017673,
        "freq1": 0.05694796817906992,
        "freq2": 10.212396266865737
    },
    "автор_NOUN мочь_VERB": {
        "difference": 140.26354730221337,
        "freq1": 0.2847398408953496,
        "freq2": 39.938620142249576
    },
    "выборы_NOUN мосгордума_PROPN": {
        "difference": 104.11719897783343,
        "freq1": 0.17084390453720977,
        "freq2": 17.78778880285065
    },
    "доллар_NOUN курс_PROPN": {
        "difference": 77.17582134475524,
        "freq1": 0.17084390453720977,
        "freq2": 13.18501865440412
    },
    "сша_PROPN кондолиза_PROPN": {
        "difference": 74.25717210117176,
        "freq1": 0.2847398408953496,
        "freq2": 21.14397536942624
    },
    "управление_NOUN юстиция_NOUN": {
        "difference": 71.35255482510553,
        "freq1": 0.22779187271627968,
        "freq2": 16.253532086701806
    },
    "теракт_NOUN лондон_PROPN": {
        "difference": 66.79216538200636,
        "freq1": 0.34168780907441954,
        "freq2": 22.82206865271404
    },
    "вывод_NOUN сирийский_ADJ": {
        "difference": 64.49092270918092,
        "freq1": 0.2847398408953496,
        "freq2": 18.363135071406465
    },
    "совпадать_VERB позиция_NOUN": {
        "difference": 64.29192389711841,
        "freq1": 0.6264276499697692,
        "freq2": 40.27423879890713
    },
    "пункт_NOUN процент_NOUN": {
        "difference": 60.618099674425935,
        "freq1": 0.34168780907441954,
        "freq2": 20.712465668009383
    },
    "мощность_NOUN лошадиный_ADJ": {
        "difference": 47.31579446809358,
        "freq1": 0.2847398408953496,
        "freq2": 13.472691788682027
    },
    "новость_PROPN оксана::гусев_PROPN": {
        "difference": 47.14741085788684,
        "freq1": 0.3986357772534895,
        "freq2": 18.79464477282333
    },
    "украина_PROPN юрий_PROPN": {
        "difference": 46.30549280685315,
        "freq1": 0.22779187271627968,
        "freq2": 10.548014923523297
    },
    "управление_NOUN мчс::рф_PROPN": {
        "difference": 46.18521879956261,
        "freq1": 0.3986357772534895,
        "freq2": 18.411080593786117
    },
    "подводный_ADJ аппарат_NOUN": {
        "difference": 39.08905236942148,
        "freq1": 0.3986357772534895,
        "freq2": 15.582294773386687
    },
    "национальный_ADJ проект_NOUN": {
        "difference": 37.675832783757784,
        "freq1": 0.6833756181488391,
        "freq2": 25.74674551787277
    },
    "оценочный_ADJ комиссия_NOUN": {
        "difference": 33.53640236617546,
        "freq1": 0.34168780907441954,
        "freq2": 11.458979848736671
    },
    "обозреватель_NOUN риа_PROPN": {
        "difference": 31.59999084879796,
        "freq1": 0.8542195226860488,
        "freq2": 26.993329099743708
    },
    "биржа_NOUN етс::ммвб_PROPN": {
        "difference": 25.818820231699938,
        "freq1": 0.6833756181488391,
        "freq2": 17.643952235711698
    },
    "лошадиный_ADJ сила_NOUN": {
        "difference": 25.62588067833805,
        "freq1": 0.9111674908651187,
        "freq2": 23.349469398890207
    },
    "новый_ADJ орлеан_PROPN": {
        "difference": 24.836582505493958,
        "freq1": 1.4806471726558181,
        "freq2": 36.774215665192585
    },
    "служба_NOUN исполнение_NOUN": {
        "difference": 19.66480019200127,
        "freq1": 0.797271554506979,
        "freq2": 15.678185818145991
    },
    "украина_PROPN юлия_PROPN": {
        "difference": 17.119000371018434,
        "freq1": 0.8542195226860488,
        "freq2": 14.62338432579366
    },
    "вашингтон_PROPN мар_NOUN": {
        "difference": 16.991437029952724,
        "freq1": 0.6264276499697692,
        "freq2": 10.6439059682826
    },
    "торги_NOUN заключать_VERB": {
        "difference": 13.377142366424241,
        "freq1": 1.0250634272232586,
        "freq2": 13.712419400580284
    },
    "журналист_NOUN георгий::гонгадзе_PROPN": {
        "difference": 13.365449060159886,
        "freq1": 0.9111674908651187,
        "freq2": 12.178162684431442
    },
    "кондолиза_PROPN райс_PROPN": {
        "difference": 13.190049466194532,
        "freq1": 2.050126854446517,
        "freq2": 27.04127462212336
    },
    "новость_PROPN ян_ADJ": {
        "difference": 13.190049466194532,
        "freq1": 0.8542195226860488,
        "freq2": 11.267197759218066
    },
    "покушение_NOUN глава_NOUN": {
        "difference": 12.975442904166334,
        "freq1": 0.9681154590441888,
        "freq2": 12.561726863468653
    },
    "ян_ADJ рябинская_ADJ": {
        "difference": 12.741026505643228,
        "freq1": 0.8542195226860488,
        "freq2": 10.883633580180856
    },
    "штат_NOUN луизиан_PROPN": {
        "difference": 12.688907769150667,
        "freq1": 0.797271554506979,
        "freq2": 10.116505222106435
    },
    "сирийский_ADJ войска_NOUN": {
        "difference": 12.283368488158244,
        "freq1": 2.2209707589837273,
        "freq2": 27.281002234021614
    },
    "новость_PROPN средневзвешенный_ADJ": {
        "difference": 12.045904422482074,
        "freq1": 1.4806471726558181,
        "freq2": 17.8357343252303
    },
    "етс::ммвб_PROPN расчет_NOUN": {
        "difference": 11.916378568476894,
        "freq1": 1.4806471726558181,
        "freq2": 17.643952235711698
    },
    "новость_PROPN алексей::ефимов_PROPN": {
        "difference": 11.251086681995721,
        "freq1": 1.2528552999395384,
        "freq2": 14.095983579617496
    },
    "международный_ADJ комиссия_NOUN": {
        "difference": 11.085254338610298,
        "freq1": 1.3667512362976781,
        "freq2": 15.150785071969825
    },
    "войска_NOUN ливан_PROPN": {
        "difference": 10.824660656147488,
        "freq1": 1.594543109013958,
        "freq2": 17.260388056674486
    },
    "пресс-служба_NOUN ммвб_PROPN": {
        "difference": 10.52397563792117,
        "freq1": 1.7084390453720977,
        "freq2": 17.979570892369257
    },
    "военный_ADJ кафедра_NOUN": {
        "difference": 10.523975637921168,
        "freq1": 1.2528552999395384,
        "freq2": 13.18501865440412
    },
    "сделка_NOUN объем_NOUN": {
        "difference": 10.50567307159435,
        "freq1": 1.3098032681186083,
        "freq2": 13.760364922959937
    },
    "землетрясение_NOUN магнитуда_NOUN": {
        "difference": 10.423747298512394,
        "freq1": 1.1959073317604685,
        "freq2": 12.46583581870935
    },
    "российский_ADJ истребитель_NOUN": {
        "difference": 10.286042275672516,
        "freq1": 1.3098032681186083,
        "freq2": 13.472691788682027
    },
    "киев_PROPN мар_NOUN": {
        "difference": 10.029806347097045,
        "freq1": 1.3098032681186083,
        "freq2": 13.137073132024469
    },
    "запрос_NOUN экстрадиция_NOUN": {
        "difference": 9.899795013878947,
        "freq1": 1.651491077193028,