{
    "инфраструктура_NOUN украинский_ADJ": {
        "difference": 4740.183850712994,
        "freq1": 0.025864686873177396,
        "freq2": 122.60337101998385
    },
    "геноцид_NOUN сторона_NOUN": {
        "difference": 3323.438983896639,
        "freq1": 0.05172937374635479,
        "freq2": 171.91941732119486
    },
    "март_NOUN выполнять_VERB": {
        "difference": 2677.1869053276514,
        "freq1": 0.025864686873177396,
        "freq2": 69.24460100727052
    },
    "проводить_VERB демилитаризаций_NOUN": {
        "difference": 2291.940511203968,
        "freq1": 0.05172937374635479,
        "freq2": 118.56064730848153
    },
    "начало_NOUN спецоперация_NOUN": {
        "difference": 2223.3075385187344,
        "freq1": 0.025864686873177396,
        "freq2": 57.50515330656186
    },
    "наступление_NOUN группировка_NOUN": {
        "difference": 1663.2224037589453,
        "freq1": 0.025864686873177396,
        "freq2": 43.01872667367855
    },
    "кровавый_ADJ преступление_NOUN": {
        "difference": 1466.8419271705397,
        "freq1": 0.07759406061953218,
        "freq2": 113.81822141614226
    },
    "преступник_NOUN ответственный_ADJ": {
        "difference": 1465.8399859634562,
        "freq1": 0.07759406061953218,
        "freq2": 113.74047672938262
    },
    "спецоперация_NOUN украина_PROPN": {
        "difference": 1257.436214890046,
        "freq1": 0.10345874749270959,
        "freq2": 130.09277584449777
    },
    "начало_VERB военный_ADJ": {
        "difference": 1103.738433723406,
        "freq1": 0.12932343436588697,
        "freq2": 142.7392448907358
    },
    "вфа_ADV вооружать_VERB": {
        "difference": 1103.1372689991558,
        "freq1": 0.025864686873177396,
        "freq2": 28.532300040795228
    },
    "миллиметр_NOUN говорить_VERB": {
        "difference": 1078.0887388220633,
        "freq1": 0.025864686873177396,
        "freq2": 27.884427651131396
    },
    "ситуация_NOUN казахстан_PROPN": {
        "difference": 1077.0867976149796,
        "freq1": 0.025864686873177396,
        "freq2": 27.85851275554484
    },
    "защита_NOUN донбасс_PROPN": {
        "difference": 1054.0421498520545,
        "freq1": 0.025864686873177396,
        "freq2": 27.262470157054114
    },
    "специальный_ADJ военный_ADJ": {
        "difference": 1049.366424218997,
        "freq1": 0.23278218185859656,
        "freq2": 244.27380579885178
    },
    "потолок_NOUN цена_NOUN": {
        "difference": 993.4247068234905,
        "freq1": 0.05172937374635479,
        "freq2": 51.389237948135275
    },
    "законный_ADJ цель_NOUN": {
        "difference": 907.758733617834,
        "freq1": 0.025864686873177396,
        "freq2": 23.478895401417326
    },
    "telegram-канал_NOUN представительство_NOUN": {
        "difference": 901.7470863753317,
        "freq1": 0.025864686873177396,
        "freq2": 23.323406027898006
    },
    "здесь_ADV коротко_PROPN": {
        "difference": 868.6830265415696,
        "freq1": 0.025864686873177396,
        "freq2": 22.468214473541746
    },
    "подвергаться_VERB издевательствы_NOUN": {
        "difference": 861.9557070082932,
        "freq1": 0.18105280811224178,
        "freq2": 156.0595012222242
    },
    "сторона_NOUN киевский_ADJ": {
        "difference": 845.3878934768735,
        "freq1": 0.20691749498541917,
        "freq2": 174.92554520923505
    },
    "заявление_NOUN минобороны::рф_PROPN": {
        "difference": 831.0100371552226,
        "freq1": 0.12932343436588697,
        "freq2": 107.46907199743671
    },
    "администрация_NOUN запорожский_ADJ": {
        "difference": 773.4986118686179,
        "freq1": 0.025864686873177396,
        "freq2": 20.00629939281918
    },
    "новость_NOUN telegram-канал_PROPN": {
        "difference": 773.1646314662567,
        "freq1": 0.07759406061953218,
        "freq2": 59.99298328287098
    },
    "украинский_ADJ зерно_NOUN": {
        "difference": 764.4811410048645,
        "freq1": 0.05172937374635479,
        "freq2": 39.5461306650804
    },
    "предать_VERB суд_NOUN": {
        "difference": 743.1063952537456,
        "freq1": 0.15518812123906436,
        "freq2": 115.32128536016236
    },
    "район_NOUN выпускать_VERB": {
        "difference": 710.3763158223446,
        "freq1": 0.05172937374635479,
        "freq2": 36.747321941732636
    },
    "спецоперация_NOUN российский_ADJ": {
        "difference": 670.2986675389966,
        "freq1": 0.025864686873177396,
        "freq2": 17.337065147404186
    },
    "ракета_NOUN рсзо_PROPN": {
        "difference": 667.2928439177455,
        "freq1": 0.025864686873177396,
        "freq2": 17.259320460644524
    },
    "частичный_ADJ мобилизация_NOUN": {
        "difference": 652.9316866162126,
        "freq1": 0.15518812123906436,
        "freq2": 101.32724174342357
    },
    "протест_NOUN казахстан_PROPN": {
        "difference": 640.7414019300273,
        "freq1": 0.05172937374635479,
        "freq2": 33.14515145520172
    },
    "миллиметр_NOUN украинский_ADJ": {
        "difference": 639.2384901194018,
        "freq1": 0.025864686873177396,
        "freq2": 16.53370338422103
    },
    "использовать_VERB обстрел_NOUN": {
        "difference": 638.2365489123182,
        "freq1": 0.025864686873177396,
        "freq2": 16.50778848863448
    },
    "оккупация_NOUN украина_PROPN": {
        "difference": 632.8928624745384,
        "freq1": 0.07759406061953218,
        "freq2": 49.10872713651858
    },
    "запорожский_ADJ атомный_ADJ": {
        "difference": 628.2171368414811,
        "freq1": 0.025864686873177396,
        "freq2": 16.248639532768944
    },
    "донбасс_PROPN обращаться_VERB": {
        "difference": 623.2074308060626,
        "freq1": 0.025864686873177396,
        "freq2": 16.119065054836177
    },
    "операция_NOUN украина_PROPN": {
        "difference": 615.3922893908098,
        "freq1": 0.38797030309766095,
        "freq2": 238.75393303891593
    },
    "теракт_NOUN крымский_ADJ": {
        "difference": 605.1724890785559,
        "freq1": 0.025864686873177396,
        "freq2": 15.652596934278217
    },
    "донбасс_PROPN создание_NOUN": {
        "difference": 601.1647242502212,
        "freq1": 0.025864686873177396,
        "freq2": 15.548937351932006
    },
    "подвергаться_VERB геноцид_NOUN": {
        "difference": 588.139488558133,
        "freq1": 0.025864686873177396,
        "freq2": 15.212043709306812
    },
    "освобождение_NOUN донбасс_PROPN": {
        "difference": 576.8318663639027,
        "freq1": 0.18105280811224178,
        "freq2": 104.43702921380996
    },
    "программа_NOUN слушать_VERB": {
        "difference": 531.028839754362,
        "freq1": 0.025864686873177396,
        "freq2": 13.734894660873271
    },
    "территория_NOUN запорожский_ADJ": {
        "difference": 514.9977804410228,
        "freq1": 0.025864686873177396,
        "freq2": 13.320256331488418
    },
    "направление_NOUN населенный_ADJ": {
        "difference": 510.99001561268796,
        "freq1": 0.025864686873177396,
        "freq2": 13.216596749142203
    },
    "направлять_VERB казахстан_PROPN": {
        "difference": 509.9880744056043,
        "freq1": 0.025864686873177396,
        "freq2": 13.19068185355565
    },
    "сообщение_NOUN представительство_NOUN": {
        "difference": 506.9822507843532,
        "freq1": 0.05172937374635479,
        "freq2": 26.22587433359198
    },
    "рф_PROPN принадлежать_VERB": {
        "difference": 497.9647799205998,
        "freq1": 0.025864686873177396,
        "freq2": 12.87970310651701
    },
    "казахстан_PROPN начинаться_VERB": {
        "difference": 486.44245603913726,
        "freq1": 0.05172937374635479,
        "freq2": 25.163363614543293
    },
    "херсонская_ADJ запорожский_ADJ": {
        "difference": 481.93372060726057,
        "freq1": 0.05172937374635479,
        "freq2": 24.93012955426431
    },
    "слушать_VERB здесь_ADV": {
        "difference": 476.9240145718422,