{
    "операция_NOUN украина_PROPN": {
        "difference": 4192.492562476797,
        "freq1": 0.05694796817906992,
        "freq2": 238.75393303891593
    },
    "северный_ADJ поток_NOUN": {
        "difference": 3126.2806799322257,
        "freq1": 0.05694796817906992,
        "freq2": 178.03533267962146
    },
    "геноцид_NOUN сторона_NOUN": {
        "difference": 3018.8858851048594,
        "freq1": 0.05694796817906992,
        "freq2": 171.91941732119486
    },
    "дмитрий_PROPN песков_PROPN": {
        "difference": 2516.041612714014,
        "freq1": 0.05694796817906992,
        "freq2": 143.2834576980534
    },
    "начало_VERB военный_ADJ": {
        "difference": 2506.485296225138,
        "freq1": 0.05694796817906992,
        "freq2": 142.7392448907358
    },
    "спецоперация_NOUN украина_PROPN": {
        "difference": 2284.414703531262,
        "freq1": 0.05694796817906992,
        "freq2": 130.09277584449777
    },
    "удар_NOUN военный_ADJ": {
        "difference": 2207.054046240363,
        "freq1": 0.05694796817906992,
        "freq2": 125.6872435947837
    },
    "заявление_NOUN минобороны::рф_PROPN": {
        "difference": 1887.144975207997,
        "freq1": 0.05694796817906992,
        "freq2": 107.46907199743671
    },
    "народный_ADJ милиция_NOUN": {
        "difference": 1873.0380318196565,
        "freq1": 0.05694796817906992,
        "freq2": 106.66571023425355
    },
    "освобождение_NOUN донбасс_PROPN": {
        "difference": 1833.9026404842605,
        "freq1": 0.05694796817906992,
        "freq2": 104.43702921380996
    },
    "снижать_VERB боевой_ADJ": {
        "difference": 1457.5657958985325,
        "freq1": 0.05694796817906992,
        "freq2": 83.00541056373035
    },
    "район_NOUN донецк_PROPN": {
        "difference": 1320.5919262246462,
        "freq1": 0.05694796817906992,
        "freq2": 75.2050269921778
    },
    "преступление_NOUN мирный_ADJ": {
        "difference": 1020.7056135499246,
        "freq1": 0.11389593635813984,
        "freq2": 116.25422160127829
    },
    "фиксировать_VERB обстрел_NOUN": {
        "difference": 977.4746580050103,
        "freq1": 0.05694796817906992,
        "freq2": 55.665195719916575
    },
    "совместный_ADJ центр_NOUN": {
        "difference": 923.7772605913273,
        "freq1": 0.11389593635813984,
        "freq2": 105.21447608140657
    },
    "потолок_NOUN цена_NOUN": {
        "difference": 902.3893141638432,
        "freq1": 0.05694796817906992,
        "freq2": 51.389237948135275
    },
    "украина_PROPN вс_PROPN": {
        "difference": 881.6081179896212,
        "freq1": 0.17084390453720977,
        "freq2": 150.617373149048
    },
    "специальный_ADJ военный_ADJ": {
        "difference": 857.8841830870788,
        "freq1": 0.2847398408953496,
        "freq2": 244.27380579885178
    },
    "писать_VERB риа_PROPN": {
        "difference": 810.4666507946571,
        "freq1": 0.05694796817906992,
        "freq2": 46.154429039651504
    },
    "воздушный_ADJ тревога_NOUN": {
        "difference": 759.4996295206528,
        "freq1": 0.05694796817906992,
        "freq2": 43.251960733957524
    },
    "человек_NOUN протяжение_NOUN": {
        "difference": 748.9194219793975,
        "freq1": 0.22779187271627968,
        "freq2": 170.59775764628066
    },
    "олаф_PROPN шольц_PROPN": {
        "difference": 655.7453362128583,
        "freq1": 0.05694796817906992,
        "freq2": 37.34336454022336
    },
    "россия_PROPN начало_VERB": {
        "difference": 648.6918645186881,
        "freq1": 0.22779187271627968,
        "freq2": 147.76673463452715
    },
    "народный_ADJ республика_NOUN": {
        "difference": 616.1548821875158,
        "freq1": 0.5694796817906992,
        "freq2": 350.8876862419322
    },
    "контроль_NOUN координация_NOUN": {
        "difference": 600.3793756027048,
        "freq1": 0.17084390453720977,
        "freq2": 102.57115673157811
    },
    "петровский_ADJ район_NOUN": {
        "difference": 584.300493891263,
        "freq1": 0.05694796817906992,
        "freq2": 33.274725933134484
    },
    "украинский_ADJ войска_NOUN": {
        "difference": 577.0194908521196,
        "freq1": 0.7403235863279091,
        "freq2": 427.18113884874526
    },
    "город_NOUN донецк_PROPN": {
        "difference": 568.3732997431368,
        "freq1": 0.05694796817906992,
        "freq2": 32.367704587605125
    },
    "оспа_NOUN обезьяна_NOUN": {
        "difference": 563.8226728436722,
        "freq1": 0.05694796817906992,
        "freq2": 32.10855563173959
    },
    "преступление_NOUN украина_PROPN": {
        "difference": 557.906857874368,
        "freq1": 0.05694796817906992,
        "freq2": 31.771661989114396
    },
    "начало_NOUN специальный_ADJ": {
        "difference": 542.8897891061347,
        "freq1": 0.11389593635813984,
        "freq2": 61.83294086951628
    },
    "войска_NOUN выпускать_VERB": {
        "difference": 536.0638487569377,
        "freq1": 0.05694796817906992,
        "freq2": 30.527747000959835
    },
    "киевский_ADJ район_NOUN": {
        "difference": 482.3664513432546,
        "freq1": 0.05694796817906992,
        "freq2": 27.469789321746543
    },
    "сообщение_NOUN представительство_NOUN": {
        "difference": 460.5234422258242,
        "freq1": 0.05694796817906992,
        "freq2": 26.22587433359198
    },
    "подвергаться_VERB издевательствы_NOUN": {
        "difference": 456.73125314293696,
        "freq1": 0.34168780907441954,
        "freq2": 156.0595012222242
    },
    "ленте.р_PROPN сообщать_VERB": {
        "difference": 453.469970531654,
        "freq1": 0.11389593635813984,
        "freq2": 51.64838690400081
    },
    "встреча_PROPN пройти_VERB": {
        "difference": 450.51206304700196,
        "freq1": 0.05694796817906992,
        "freq2": 25.65574663068781
    },
    "год_NOUN подвергаться_VERB": {
        "difference": 430.3592867779441,
        "freq1": 0.3986357772534895,
        "freq2": 171.55660878298312
    },
    "украина_PROPN февраль_NOUN": {
        "difference": 412.2867970914987,
        "freq1": 0.34168780907441954,
        "freq2": 140.87337240850397
    },
    "законный_ADJ цель_NOUN": {
        "difference": 412.2867970914987,
        "freq1": 0.05694796817906992,
        "freq2": 23.478895401417326
    },
    "оружие_NOUN украина_PROPN": {
        "difference": 405.00579405235527,
        "freq1": 0.11389593635813984,
        "freq2": 46.128514144064944
    },
    "канал_NOUN москва_NOUN": {
        "difference": 391.94549485089175,
        "freq1": 0.5694796817906992,
        "freq2": 223.20499568698395
    },
    "называть_VERB цель_NOUN": {
        "difference": 388.10346556862936,
        "freq1": 0.3986357772534895,
        "freq2": 154.71192665172345
    },
    "республика_NOUN совместный_ADJ": {
        "difference": 384.52797300476425,
        "freq1": 0.05694796817906992,
        "freq2": 21.898086770637573
    },
    "военный_ADJ спецоперация_NOUN": {
        "difference": 383.8453789698446,
        "freq1": 0.11389593635813984,
        "freq2": 43.71842885451549
    },
    "сообщать_VERB портал_NOUN": {
        "difference": 381.7975968650855,
        "freq1": 0.05694796817906992,
        "freq2": 21.742597397118253
    },
    "украинский_ADJ силовик_NOUN": {
        "difference": 377.39865752893627,
        "freq1": 0.17084390453720977,
        "freq2": 64.47626021934471
    },
    "сообщение_NOUN ведомство_NOUN": {
        "difference": 375.8817818957814,
        "freq1": 0.05694796817906992,
        "freq2": 21.405703754493057
    },
    "московский_ADJ биржа_NOUN": {
        "difference": 365.41534002701263,
        "freq1": 0.05694796817906992,
        "freq2": 20.80966115600233
    },
    "войска_NOUN март_NOUN": {
        "difference": 356.9208364813453,
        "freq1": 0.17084390453720977,
        "freq2": 60.97774931516001
    },
    "представительство_NOUN донецкий_ADJ": {
        "difference": 351.7634593286187,