{
    "pussy_PROPN riot_PROPN": {
        "difference": 2867.328233565277,
        "freq1": 0.029213386906010778,
        "freq2": 83.76436907367088
    },
    "группа_NOUN pussy_PROPN": {
        "difference": 420.7959237944384,
        "freq1": 0.029213386906010778,
        "freq2": 12.292874130279156
    },
    "автомобильной_ADJ железнодорожный_ADJ": {
        "difference": 387.3994219059909,
        "freq1": 0.029213386906010778,
        "freq2": 11.31724919930462
    },
    "боевик_NOUN поддержка_NOUN": {
        "difference": 369.2698923094051,
        "freq1": 0.029213386906010778,
        "freq2": 10.787624236775585
    },
    "московский_ADJ биржа_NOUN": {
        "difference": 365.4531492364397,
        "freq1": 0.029213386906010778,
        "freq2": 10.67612424466421
    },
    "премьер-министр_NOUN дмитрий::медведев_PROPN": {
        "difference": 278.1451514423555,
        "freq1": 0.058426773812021555,
        "freq2": 16.251123850232986
    },
    "крымский_ADJ район_NOUN": {
        "difference": 188.92878211178868,
        "freq1": 0.08764016071803232,
        "freq2": 16.55774882853927
    },
    "сирия_PROPN длиться_VERB": {
        "difference": 181.77238884997848,
        "freq1": 0.058426773812021555,
        "freq2": 10.620374248608522
    },
    "рф_PROPN владимир::путин_PROPN": {
        "difference": 155.3414430696929,
        "freq1": 0.14606693453005387,
        "freq2": 22.690248394664923
    },
    "марша_PROPN миллион_NOUN": {
        "difference": 143.12786523620355,
        "freq1": 0.08764016071803232,
        "freq2": 12.543749112529751
    },
    "лайнер_NOUN costa_PROPN": {
        "difference": 133.9040694765371,
        "freq1": 0.08764016071803232,
        "freq2": 11.735374169722277
    },
    "поселок_NOUN краснодарский_ADJ": {
        "difference": 133.58600755378998,
        "freq1": 0.08764016071803232,
        "freq2": 11.707499171694433
    },
    "протест_NOUN ежедневно_ADV": {
        "difference": 131.9161824593676,
        "freq1": 0.11685354762404311,
        "freq2": 15.414873909397672
    },
    "экономика_NOUN бизнес_NOUN": {
        "difference": 130.51601856031778,
        "freq1": 0.6719078988382479,
        "freq2": 87.69474379559688
    },
    "спецпосланник_NOUN оон_PROPN": {
        "difference": 130.2463573649452,
        "freq1": 0.11685354762404311,
        "freq2": 15.219748923202763
    },
    "сирия_PROPN много_ADV": {
        "difference": 127.22476909884759,
        "freq1": 0.08764016071803232,
        "freq2": 11.149999211137555
    },
    "иностранный_ADJ агент_NOUN": {
        "difference": 120.22740679841097,
        "freq1": 0.11685354762404311,
        "freq2": 14.04899900603332
    },
    "новость_PROPN елена::дьячкова_PROPN": {
        "difference": 113.73894357436974,
        "freq1": 0.14606693453005387,
        "freq2": 16.613498824594956
    },
    "год_NOUN прекращаться_VERB": {
        "difference": 93.51020528765298,
        "freq1": 0.23370709524808622,
        "freq2": 21.85399845382961
    },
    "нарушать_VERB система_NOUN": {
        "difference": 93.0331124035323,
        "freq1": 0.11685354762404311,
        "freq2": 10.871249230859117
    },
    "сирия_PROPN действовать_VERB": {
        "difference": 92.39698855803807,
        "freq1": 0.17528032143606465,
        "freq2": 16.1953738541773
    },
    "бурановский_ADJ бабушка_NOUN": {
        "difference": 90.88619442498924,
        "freq1": 0.11685354762404311,
        "freq2": 10.620374248608522
    },
    "город_NOUN геленджик_PROPN": {
        "difference": 87.78509067820484,
        "freq1": 0.14606693453005387,
        "freq2": 12.822499092808188
    },
    "грузинский_ADJ мечта_NOUN": {
        "difference": 61.935330774939,
        "freq1": 0.3213472559661185,
        "freq2": 19.90274859188054
    },
    "система_NOUN энергоснабжение_PROPN": {
        "difference": 61.86304397431464,
        "freq1": 0.17528032143606465,
        "freq2": 10.843374232831273
    },
    "колония_NOUN харьков_PROPN": {
        "difference": 61.20420142005274,
        "freq1": 0.20449370834207545,
        "freq2": 12.515874114501905
    },
    "газ_NOUN водоснабжение_NOUN": {
        "difference": 55.07015005278688,
        "freq1": 0.20449370834207545,
        "freq2": 11.261499203248931
    },
    "открытый_ADJ правительство_NOUN": {
        "difference": 52.0561346896118,
        "freq1": 0.26292048215409697,
        "freq2": 13.686624031671348
    },
    "заявлять_VERB столкновение_NOUN": {
        "difference": 51.117094727215544,
        "freq1": 0.4089874166841509,
        "freq2": 20.906248520882915
    },
    "столкновение_NOUN вооружать_ADJ": {
        "difference": 46.83461812451327,
        "freq1": 0.3505606428721293,
        "freq2": 16.41837383840005
    },
    "заявлять_VERB сталкиваться_VERB": {
        "difference": 40.28784354796841,
        "freq1": 0.26292048215409697,
        "freq2": 10.592499250580678
    },
    "читать_VERB также_ADV": {
        "difference": 38.86138401564799,
        "freq1": 0.3213472559661185,
        "freq2": 12.487999116474063
    },
    "поддержка_NOUN оказываться_VERB": {
        "difference": 38.64452361377496,
        "freq1": 0.29213386906010774,
        "freq2": 11.289374201276775
    },
    "сталкиваться_VERB сопротивление_NOUN": {
        "difference": 38.45368646012669,
        "freq1": 0.29213386906010774,
        "freq2": 11.233624205221089
    },
    "оон_PROPN общий_ADJ": {
        "difference": 33.68690625269486,
        "freq1": 0.6719078988382479,
        "freq2": 22.63449839860924
    },
    "сайт_NOUN агентство_NOUN": {
        "difference": 33.64274337702591,
        "freq1": 2.716844982259002,
        "freq2": 91.40211853330011
    },
    "конфликт_NOUN сирия_PROPN": {
        "difference": 29.613836878633542,
        "freq1": 0.8179748333683018,
        "freq2": 24.223373286196342
    },
    "наблюдатель_NOUN оон_PROPN": {
        "difference": 28.678583367698565,
        "freq1": 0.5258409643081939,
        "freq2": 15.080373933063544
    },
    "железнодорожный_ADJ движение_NOUN": {
        "difference": 27.80769953160526,
        "freq1": 0.4089874166841509,
        "freq2": 11.372999195360308
    },
    "хорошо_ADV вооружать_VERB": {
        "difference": 27.490865647169905,
        "freq1": 1.0808953155223988,
        "freq2": 29.714747897681587
    },
    "президент_NOUN рф::владимир::путин_PROPN": {
        "difference": 25.538501444106906,
        "freq1": 0.4966275774021832,
        "freq2": 12.68312410266897
    },
    "действовать_VERB хорошо_ADV": {
        "difference": 24.907538846851974,
        "freq1": 0.8471882202743125,
        "freq2": 21.101373507077827
    },
    "марш_NOUN миллион_NOUN": {
        "difference": 23.6472125172858,
        "freq1": 0.6719078988382479,
        "freq2": 15.888748875871018
    },
    "участница_NOUN группа_NOUN": {
        "difference": 23.420923402287855,
        "freq1": 0.642694511932237,
        "freq2": 15.0524989350357
    },
    "жертва_NOUN превышать_VERB": {
        "difference": 22.4667376340465,
        "freq1": 0.642694511932237,
        "freq2": 14.439248978423135
    },
    "вооружать_ADJ оппозиция_NOUN": {
        "difference": 20.868966157020648,
        "freq1": 0.9056149940863341,
        "freq2": 18.899248662878158
    },
    "ежедневно_ADV поступать_VERB": {
        "difference": 16.919342768572353,
        "freq1": 1.197748863146442,
        "freq2": 20.265123566242508
    },
    "координатор_NOUN левый_ADJ": {
        "difference": 14.810622576615845,
        "freq1": 1.3438157976764957,
        "freq2": 19.90274859188054
    },
    "вооружать_VERB боевик_NOUN": {
        "difference": 14.224900992334964,
        "freq1": 2.220217404856819,
        "freq2": 31.582372765547124
    },
    "президент_NOUN владимир::путин_PROPN": {
        "difference": 13.373746561224099,
        "freq1": 1.8404433750786788,
        "freq2": 24.613623258586156
    },