{
    "народный_ADJ республика_NOUN": {
        "difference": 769.0640514114211,
        "freq1": 0.4562528772447071,
        "freq2": 350.8876862419322
    },
    "январь_NOUN риа_PROPN": {
        "difference": 391.80235056395736,
        "freq1": 0.4562528772447071,
        "freq2": 178.76094975604494
    },
    "сентябрь_NOUN риа_PROPN": {
        "difference": 377.77289556405924,
        "freq1": 0.4562528772447071,
        "freq2": 172.35997054616627
    },
    "военный_ADJ инфраструктура_NOUN": {
        "difference": 343.12525366147673,
        "freq1": 0.4562528772447071,
        "freq2": 156.55188423836873
    },
    "ранее_ADV становиться_VERB": {
        "difference": 320.68948554423065,
        "freq1": 0.4562528772447071,
        "freq2": 146.31550048168015
    },
    "украина_PROPN февраль_NOUN": {
        "difference": 308.7616088236695,
        "freq1": 0.4562528772447071,
        "freq2": 140.87337240850397
    },
    "удар_NOUN военный_ADJ": {
        "difference": 275.4771528320083,
        "freq1": 0.4562528772447071,
        "freq2": 125.6872435947837
    },
    "преступление_NOUN мирный_ADJ": {
        "difference": 254.80216651636894,
        "freq1": 0.4562528772447071,
        "freq2": 116.25422160127829
    },
    "джо_PROPN байден_PROPN": {
        "difference": 254.74536710341388,
        "freq1": 0.4562528772447071,
        "freq2": 116.22830670569174
    },
    "предать_VERB суд_NOUN": {
        "difference": 252.757387649987,
        "freq1": 0.4562528772447071,
        "freq2": 115.32128536016236
    },
    "народный_ADJ милиция_NOUN": {
        "difference": 233.78638372299923,
        "freq1": 0.4562528772447071,
        "freq2": 106.66571023425355
    },
    "совместный_ADJ центр_NOUN": {
        "difference": 230.60561659751625,
        "freq1": 0.4562528772447071,
        "freq2": 105.21447608140657
    },
    "новость_PROPN украинский_ADJ": {
        "difference": 217.37135337898883,
        "freq1": 0.4562528772447071,
        "freq2": 99.17630540973964
    },
    "сша_PROPN джо_PROPN": {
        "difference": 215.04257744783166,
        "freq1": 0.4562528772447071,
        "freq2": 98.11379469069095
    },
    "май_NOUN риа_PROPN": {
        "difference": 199.05354270098414,
        "freq1": 0.9125057544894142,
        "freq2": 181.63750316615236
    },
    "декабрь_NOUN риа_PROPN": {
        "difference": 187.12566598042295,
        "freq1": 0.9125057544894142,
        "freq2": 170.75324701979994
    },
    "существенно_ADV снижать_VERB": {
        "difference": 184.03009797437255,
        "freq1": 0.4562528772447071,
        "freq2": 83.96426170043281
    },
    "украина_PROPN главный_ADJ": {
        "difference": 178.00936020113693,
        "freq1": 0.4562528772447071,
        "freq2": 81.21728276825817
    },
    "цель_NOUN российский_ADJ": {
        "difference": 173.80620364246298,
        "freq1": 0.4562528772447071,
        "freq2": 79.29958049485322
    },
    "цель_NOUN защита_NOUN": {
        "difference": 170.9378332882328,
        "freq1": 0.9125057544894142,
        "freq2": 155.98175653546457
    },
    "слово_NOUN приводить_VERB": {
        "difference": 147.93407104143623,
        "freq1": 0.9125057544894142,
        "freq2": 134.99069111035635
    },
    "харьковский_ADJ область_NOUN": {
        "difference": 147.73527309609355,
        "freq1": 0.4562528772447071,
        "freq2": 67.40464342062525
    },
    "режим_NOUN слово_NOUN": {
        "difference": 143.9581121345825,
        "freq1": 0.9125057544894142,
        "freq2": 131.3626057282389
    },
    "тасс_PROPN ссылка_NOUN": {
        "difference": 140.86254412853208,
        "freq1": 0.4562528772447071,
        "freq2": 64.26894105465229
    },
    "слово_NOUN планировать_VERB": {
        "difference": 133.45022073789764,
        "freq1": 0.9125057544894142,
        "freq2": 121.77409436121414
    },
    "формирование_NOUN украина_PROPN": {
        "difference": 131.77463805572359,
        "freq1": 0.4562528772447071,
        "freq2": 60.12255776080376
    },
    "единый_ADJ россия_PROPN": {
        "difference": 129.6730597763866,
        "freq1": 0.4562528772447071,
        "freq2": 59.16370662410127
    },
    "август_NOUN риа_PROPN": {
        "difference": 128.82106858206078,
        "freq1": 1.3687586317341214,
        "freq2": 176.32494957090893
    },
    "начало_NOUN спецоперация_NOUN": {
        "difference": 126.03789734726317,
        "freq1": 0.4562528772447071,
        "freq2": 57.50515330656186
    },
    "год_NOUN подвергаться_VERB": {
        "difference": 125.33737125415085,
        "freq1": 1.3687586317341214,
        "freq2": 171.55660878298312
    },
    "передавать_VERB тасс_PROPN": {
        "difference": 124.90190908816213,
        "freq1": 0.4562528772447071,
        "freq2": 56.9868553948308
    },
    "кровавый_ADJ преступление_NOUN": {
        "difference": 124.73151084929695,
        "freq1": 0.9125057544894142,
        "freq2": 113.81822141614226
    },
    "фиксировать_VERB обстрел_NOUN": {
        "difference": 122.0051390274544,
        "freq1": 0.4562528772447071,
        "freq2": 55.665195719916575
    },
    "центр_NOUN контроль_NOUN": {
        "difference": 115.41640712466824,
        "freq1": 0.9125057544894142,
        "freq2": 105.31813566375278
    },
    "кремль_PROPN дмитрий_PROPN": {
        "difference": 110.19086113280332,
        "freq1": 0.4562528772447071,
        "freq2": 50.27489743791348
    },
    "сообщать_VERB тасс_PROPN": {
        "difference": 109.48086847086516,
        "freq1": 0.9125057544894142,
        "freq2": 99.90192248616313
    },
    "минобороны_PROPN рф_PROPN": {
        "difference": 105.53330927048896,
        "freq1": 0.4562528772447071,
        "freq2": 48.1498759998161
    },
    "запрещать_VERB россия_PROPN": {
        "difference": 105.4765098575339,
        "freq1": 0.4562528772447071,
        "freq2": 48.12396110422955
    },
    "ситуация_NOUN украина_PROPN": {
        "difference": 102.13954434642451,
        "freq1": 1.8250115089788284,
        "freq2": 186.40584395407816
    },
    "оружие_NOUN украина_PROPN": {
        "difference": 101.1029550599948,
        "freq1": 0.4562528772447071,
        "freq2": 46.128514144064944
    },
    "путин_PROPN объявлять_VERB": {
        "difference": 96.33180437177033,
        "freq1": 0.4562528772447071,
        "freq2": 43.95166291479447
    },
    "ограничительный_ADJ мера_NOUN": {
        "difference": 95.93420848108497,
        "freq1": 0.4562528772447071,
        "freq2": 43.7702586456886
    },
    "начальник_NOUN национальный_ADJ": {
        "difference": 95.93420848108497,
        "freq1": 0.4562528772447071,
        "freq2": 43.7702586456886
    },
    "система_NOUN залповый_ADJ": {
        "difference": 95.65021141630969,
        "freq1": 0.9125057544894142,
        "freq2": 87.28136833551164
    },
    "ведомство_NOUN называть_VERB": {
        "difference": 94.1734266794783,
        "freq1": 0.9125057544894142,
        "freq2": 85.93379376501088
    },
    "идти_VERB подчеркивать_VERB": {
        "difference": 93.88942961470305,
        "freq1": 0.4562528772447071,
        "freq2": 42.837322404572674
    },
    "новый_ADJ санкция_NOUN": {
        "difference": 93.32143548515249,
        "freq1": 0.4562528772447071,
        "freq2": 42.57817344870713
    },
    "газопровод_NOUN северный_ADJ": {
        "difference": 92.41264487787166,
        "freq1": 0.4562528772447071,
        "freq2": 42.16353511932228
    },
    "называть_VERB освобождение_NOUN": {
        "difference": 91.30505632524812,
        "freq1": 0.9125057544894142,
        "freq2": 83.316389310769
    },
    "управление_NOUN следственный_ADJ": {
        "difference": 90.99265955399534,
        "freq1": 0.4562528772447071,
        "freq2": 41.51566272965846
    },
    "сторона_NOUN украина_PROPN": {
        "difference": 90.87906072808522,
        "freq1": 0.4562528772447071,
        "freq2": 41.463832938485346
    },