{
    "реакция_NOUN комментарий_NOUN": {
        "difference": 5089.205093780973,
        "freq1": 0.030136911991175915,
        "freq2": 153.37292601632134
    },
    "место_NOUN реакция_NOUN": {
        "difference": 5003.182003989067,
        "freq1": 0.030136911991175915,
        "freq2": 150.78045573005366
    },
    "комментарий_NOUN онлайн_NOUN": {
        "difference": 4964.619929254763,
        "freq1": 0.030136911991175915,
        "freq2": 149.61831387758878
    },
    "отмена_NOUN верховный_ADJ": {
        "difference": 4018.365941543788,
        "freq1": 0.030136911991175915,
        "freq2": 121.10114072864387
    },
    "верховный_ADJ радый_NOUN": {
        "difference": 3831.4881947544727,
        "freq1": 0.030136911991175915,
        "freq2": 115.46922252054503
    },
    "становиться_VERB донбасс_PROPN": {
        "difference": 3790.9485777261034,
        "freq1": 0.030136911991175915,
        "freq2": 114.24748365000508
    },
    "недовольный_ADJ февральский_ADJ": {
        "difference": 2869.4138686909628,
        "freq1": 0.030136911991175915,
        "freq2": 86.47527322699915
    },
    "крым_PROPN россия_PROPN": {
        "difference": 2145.6333890625046,
        "freq1": 0.030136911991175915,
        "freq2": 64.66276461150521
    },
    "украина_PROPN опасаться_VERB": {
        "difference": 2121.902881533703,
        "freq1": 0.030136911991175915,
        "freq2": 63.947600394603775
    },
    "впоследствии_ADV вынуждать_VERB": {
        "difference": 2112.015170063369,
        "freq1": 0.030136911991175915,
        "freq2": 63.649615304228185
    },
    "присоединение_NOUN крым_PROPN": {
        "difference": 1883.6090350986503,
        "freq1": 0.030136911991175915,
        "freq2": 56.76615971655181
    },
    "восток_NOUN украина_PROPN": {
        "difference": 1369.118448258932,
        "freq1": 0.27123220792058317,
        "freq2": 371.34901962607285
    },
    "предоставлять_VERB русский_ADJ": {
        "difference": 1342.4216272890296,
        "freq1": 0.09041073597352774,
        "freq2": 121.36932730998191
    },
    "попытка_NOUN отмена_NOUN": {
        "difference": 1338.7961330832404,
        "freq1": 0.09041073597352774,
        "freq2": 121.04154371056875
    },
    "москва_PROPN спецоперация_NOUN": {
        "difference": 1284.4137199964025,
        "freq1": 0.030136911991175915,
        "freq2": 38.70826323979045
    },
    "информация_NOUN фото_NOUN": {
        "difference": 1251.7842721443,
        "freq1": 0.12054764796470366,
        "freq2": 150.89964976620388
    },
    "оставаться_VERB законно_ADV": {
        "difference": 1137.0868190884241,
        "freq1": 0.030136911991175915,
        "freq2": 34.268285393194006
    },
    "новый_ADJ субъект_NOUN": {
        "difference": 1086.6594905897202,
        "freq1": 0.030136911991175915,
        "freq2": 32.74856143227845
    },
    "статус_NOUN крым_PROPN": {
        "difference": 1024.3669083266152,
        "freq1": 0.030136911991175915,
        "freq2": 30.87125536291217
    },
    "евромайданый_NOUN проходить_VERB": {
        "difference": 991.7374604745125,
        "freq1": 0.06027382398235183,
        "freq2": 59.775809129345376
    },
    "донецкий_ADJ луганский_ADJ": {
        "difference": 958.6136270488934,
        "freq1": 0.12054764796470366,
        "freq2": 115.55861804765772
    },
    "сообщать_VERB тасс_PROPN": {
        "difference": 944.2764454169088,
        "freq1": 0.030136911991175915,
        "freq2": 28.457576130869807
    },
    "референдум_NOUN дальнейший_ADJ": {
        "difference": 901.7592860944721,
        "freq1": 0.030136911991175915,
        "freq2": 27.17624024225473
    },
    "судьба_NOUN регион_NOUN": {
        "difference": 884.950176594904,
        "freq1": 0.030136911991175915,
        "freq2": 26.669665588616205
    },
    "житель_NOUN донбасс_PROPN": {
        "difference": 848.3656441546678,
        "freq1": 0.06027382398235183,
        "freq2": 51.13424150845297
    },
    "лихорадка_NOUN эбола_PROPN": {
        "difference": 833.8636673315112,
        "freq1": 0.09041073597352774,
        "freq2": 75.39022786502683
    },
    "россия_PROPN обсе_PROPN": {
        "difference": 804.8597136851977,
        "freq1": 0.030136911991175915,
        "freq2": 24.255986356573846
    },
    "пресс-конференция_NOUN ростов-на-дону_NOUN": {
        "difference": 784.0955195974959,
        "freq1": 0.030136911991175915,
        "freq2": 23.630217666785086
    },
    "виктор::янукович_PROPN лидер_NOUN": {
        "difference": 745.8630352455374,
        "freq1": 0.09041073597352774,
        "freq2": 67.4340259519983
    },
    "событие_NOUN юго-восток_NOUN": {
        "difference": 720.8141661873575,
        "freq1": 0.030136911991175915,
        "freq2": 21.723113088381243
    },
    "изменять_VERB конституция_NOUN": {
        "difference": 719.3310094668075,
        "freq1": 0.12054764796470366,
        "freq2": 86.71366129929962
    },
    "государство_NOUN впоследствии_ADV": {
        "difference": 704.6642374524785,
        "freq1": 0.09041073597352774,
        "freq2": 63.70921232230329
    },
    "раз_NOUN вводить_VERB": {
        "difference": 633.8023052484173,
        "freq1": 0.030136911991175915,
        "freq2": 19.100844293075962
    },
    "россия_PROPN отрицать_VERB": {
        "difference": 620.9482803369829,
        "freq1": 0.030136911991175915,
        "freq2": 18.713463675587683
    },
    "угрожать_VERB расширять_VERB": {
        "difference": 615.0156534547824,
        "freq1": 0.030136911991175915,
        "freq2": 18.534672621362322
    },
    "украинский_ADJ силовик_NOUN": {
        "difference": 610.7780628246394,
        "freq1": 0.21095838393823138,
        "freq2": 128.8487530784095
    },
    "украина_PROPN сменяться_VERB": {
        "difference": 609.083026572582,
        "freq1": 0.030136911991175915,
        "freq2": 18.355881567136965
    },
    "компания_NOUN угрожать_VERB": {
        "difference": 605.1279419844484,
        "freq1": 0.030136911991175915,
        "freq2": 18.236687530986725
    },
    "крым_PROPN севастополь_PROPN": {
        "difference": 586.8356757643303,
        "freq1": 0.12054764796470366,
        "freq2": 70.74166045516746
    },
    "севастополь_PROPN президент_PROPN": {
        "difference": 586.3412901908135,
        "freq1": 0.030136911991175915,
        "freq2": 17.670515859273085
    },
    "malaysia_PROPN airlines_PROPN": {
        "difference": 584.3637478967466,
        "freq1": 0.06027382398235183,
        "freq2": 35.22183768239593
    },
    "вопрос_NOUN воссоединение_NOUN": {
        "difference": 576.4535787204794,
        "freq1": 0.030136911991175915,
        "freq2": 17.372530768897484
    },
    "киевский_ADJ власть_NOUN": {
        "difference": 575.9142490039158,
        "freq1": 0.33150603190293504,
        "freq2": 190.91904740364697
    },
    "сыр_NOUN молочный_ADJ": {
        "difference": 545.8016731624436,
        "freq1": 0.030136911991175915,
        "freq2": 16.448776988733126
    },
    "операция_NOUN восток_NOUN": {
        "difference": 541.8465885743099,
        "freq1": 0.030136911991175915,
        "freq2": 16.329582952582882
    },
    "протест_NOUN называть_VERB": {
        "difference": 535.1723833318345,
        "freq1": 0.12054764796470366,
        "freq2": 64.51377206631742
    },
    "целое_NOUN соблюдать_VERB": {
        "difference": 528.9925636628756,
        "freq1": 0.030136911991175915,
        "freq2": 15.942202335094603
    },
    "февраль_NOUN украинский_ADJ": {
        "difference": 523.0599367806751,
        "freq1": 0.12054764796470366,
        "freq2": 63.05364512347697
    },
    "украинский_ADJ военный_NOUN": {
        "difference": 519.8464305528165,
        "freq1": 0.12054764796470366,
        "freq2": 62.6662645059887
    },
    "жизнь_NOUN февраль_NOUN": {
        "difference": 518.8576594057831,
        "freq1": 0.12054764796470366,
        "freq2": 62.54707046983846
    },