{
    "индекс_PROPN рассчитываться_VERB": {
        "difference": 354.92957751898774,
        "freq1": 0.04794552237965134,
        "freq2": 17.017284002136822
    },
    "завоевывать_VERB мир_NOUN": {
        "difference": 245.24028597417495,
        "freq1": 0.04794552237965134,
        "freq2": 11.7581736195669
    },
    "след_NOUN радиоактивный_ADJ": {
        "difference": 213.13610308301025,
        "freq1": 0.04794552237965134,
        "freq2": 10.218921800278144
    },
    "датский_ADJ газета_NOUN": {
        "difference": 148.0359544425929,
        "freq1": 0.09589104475930268,
        "freq2": 14.195322333440767
    },
    "кодорский_ADJ ущелье_NOUN": {
        "difference": 117.21990234644403,
        "freq1": 0.43150970141686207,
        "freq2": 50.581525061627794
    },
    "редакция_NOUN основа_NOUN": {
        "difference": 111.21806215867777,
        "freq1": 0.3356186566575594,
        "freq2": 37.32685661775238
    },
    "новость_PROPN владимир::супрун_PROPN": {
        "difference": 100.10262582036776,
        "freq1": 0.19178208951860537,
        "freq2": 19.19789074612923
    },
    "интернет_NOUN редакция_NOUN": {
        "difference": 99.54526153406285,
        "freq1": 0.38356417903721074,
        "freq2": 38.18199651735725
    },
    "stock_PROPN exchange_PROPN": {
        "difference": 97.873168675148,
        "freq1": 0.19178208951860537,
        "freq2": 18.770320796326796
    },
    "проект_NOUN образование_PROPN": {
        "difference": 73.42345531590449,
        "freq1": 0.14383656713895404,
        "freq2": 10.560977760120089
    },
    "подготавливать_VERB интернет_NOUN": {
        "difference": 72.74400170974228,
        "freq1": 0.6712373133151188,
        "freq2": 48.82848826743782
    },
    "агентство_PROPN риа_PROPN": {
        "difference": 72.303010186512,
        "freq1": 0.6232917909354675,
        "freq2": 45.06587270917641
    },
    "русский_ADJ марш_NOUN": {
        "difference": 65.76898578398328,
        "freq1": 0.19178208951860537,
        "freq2": 12.613313519171767
    },
    "эхуд_PROPN ольмерт_PROPN": {
        "difference": 65.10014864041736,
        "freq1": 0.19178208951860537,
        "freq2": 12.485042534231036
    },
    "нью-йоркский_ADJ время_NOUN": {
        "difference": 61.53301720806571,
        "freq1": 0.2876731342779081,
        "freq2": 17.701395921820716
    },
    "информация_NOUN агентство_PROPN": {
        "difference": 58.746195776541,
        "freq1": 0.7671283580744215,
        "freq2": 45.06587270917641
    },
    "оранжевый_ADJ коалиция_NOUN": {
        "difference": 44.58914290439544,
        "freq1": 0.23972761189825675,
        "freq2": 10.689248745060818
    },
    "пророк_NOUN мухаммед_PROPN": {
        "difference": 42.47702560892409,
        "freq1": 0.9109649252133755,
        "freq2": 38.69508045712016
    },
    "договор_NOUN первый_ADJ": {
        "difference": 42.35968575917568,
        "freq1": 0.38356417903721074,
        "freq2": 16.247658092492447
    },
    "пропрезидентский_ADJ блок_NOUN": {
        "difference": 39.98159813760791,
        "freq1": 0.2876731342779081,
        "freq2": 11.501631649685441
    },
    "грузинский_ADJ вино_NOUN": {
        "difference": 38.45813575504108,
        "freq1": 0.38356417903721074,
        "freq2": 14.75116326818393
    },
    "рамка_NOUN нацпроект_NOUN": {
        "difference": 38.21926534662467,
        "freq1": 0.3356186566575594,
        "freq2": 12.827098494072983
    },
    "основа_NOUN информация_NOUN": {
        "difference": 37.95031496085212,
        "freq1": 1.2945291042505864,
        "freq2": 49.127787232299525
    },
    "торги_NOUN классический_ADJ": {
        "difference": 36.414466705256274,
        "freq1": 0.2876731342779081,
        "freq2": 10.475463770159601
    },
    "-редакция_NOUN основа_NOUN": {
        "difference": 36.2658362289083,
        "freq1": 0.2876731342779081,
        "freq2": 10.43270677517936
    },
    "новость_PROPN ольга::гринкруг_PROPN": {
        "difference": 36.1469318478299,
        "freq1": 0.7191828356947703,
        "freq2": 25.99625294798791
    },
    "предыдущий_ADJ показатель_NOUN": {
        "difference": 34.52473636311762,
        "freq1": 0.3356186566575594,
        "freq2": 11.587145639645929
    },
    "оон_PROPN ливан_PROPN": {
        "difference": 32.99596574925263,
        "freq1": 0.3356186566575594,
        "freq2": 11.074061699883009
    },
    "интернет_NOUN -редакция_NOUN": {
        "difference": 32.48637554463097,
        "freq1": 0.3356186566575594,
        "freq2": 10.903033719962036
    },
    "израиль_PROPN эхуд_PROPN": {
        "difference": 32.43860146294769,
        "freq1": 0.38356417903721074,
        "freq2": 12.442285539250793
    },
    "блок_NOUN украина_PROPN": {
        "difference": 27.173148264090404,
        "freq1": 0.8150738804540728,
        "freq2": 22.148123399766018
    },
    "материал_NOUN подготавливать_VERB": {
        "difference": 26.957321824485934,
        "freq1": 1.678093283287797,
        "freq2": 45.23690068909739
    },
    "романо_PROPN продя_PROPN": {
        "difference": 26.53054002811529,
        "freq1": 0.5753462685558162,
        "freq2": 15.26424720794685
    },
    "боевик_NOUN хизбалла_PROPN": {
        "difference": 25.36626796338941,
        "freq1": 0.43150970141686207,
        "freq2": 10.945790714942278
    },
    "восьмерка_NOUN санкт-петербург_PROPN": {
        "difference": 23.632245739329584,
        "freq1": 0.5753462685558162,
        "freq2": 13.596724403717362
    },
    "новость_PROPN другой_ADJ": {
        "difference": 21.40278859410981,
        "freq1": 2.157548507084311,
        "freq2": 46.177554578662736
    },
    "мировой_ADJ биржа_NOUN": {
        "difference": 19.86243638468524,
        "freq1": 0.5274007461761648,
        "freq2": 10.475463770159601
    },
    "rambler_PROPN media_PROPN": {
        "difference": 18.217849815224426,
        "freq1": 0.6712373133151188,
        "freq2": 12.228500564349577
    },
    "бумага_NOUN российский_ADJ": {
        "difference": 17.6127114472362,
        "freq1": 0.5753462685558162,
        "freq2": 10.133407810317657
    },
    "израиль_PROPN ливан_PROPN": {
        "difference": 15.606200016538406,
        "freq1": 0.7671283580744215,
        "freq2": 11.971958594468116
    },
    "shinzo_PROPN abe_PROPN": {
        "difference": 15.16030858749445,
        "freq1": 0.7191828356947703,
        "freq2": 10.903033719962036
    },
    "южный_ADJ ливан_PROPN": {
        "difference": 15.057410565407384,
        "freq1": 1.246583581870935,
        "freq2": 18.770320796326796
    },
    "боевик_NOUN хезболла_PROPN": {
        "difference": 14.845561696404602,
        "freq1": 0.8150738804540728,
        "freq2": 12.100229579408847
    },
    "синдзо_PROPN абэ_PROPN": {
        "difference": 13.840469957524343,
        "freq1": 1.1986380594912838,
        "freq2": 16.58971405233439
    },
    "агентство_NOUN afp_PROPN": {
        "difference": 13.005166680448673,
        "freq1": 1.7260388056674483,
        "freq2": 22.44742236462772
    },
    "итог_NOUN торги_NOUN": {
        "difference": 12.830166280877657,
        "freq1": 1.4863111937691917,
        "freq2": 19.069619761188502
    },
    "агентство_NOUN france_PROPN": {
        "difference": 12.115196389145492,
        "freq1": 1.9657664175657052,
        "freq2": 23.815646203995502
    },
    "экономический_ADJ блокада_NOUN": {
        "difference": 11.552641570684274,
        "freq1": 1.0548014923523297,
        "freq2": 12.185743569369334
    },
    "реализация_NOUN нацпроект_NOUN": {
        "difference": 10.634510582698313,
        "freq1": 1.917820895186054,
        "freq2": 20.395086605576044
    },
    "классический_ADJ рынок_NOUN": {
        "difference": 10.292660487097947,
        "freq1": 1.1506925371116323,
        "freq2": 11.843687609527386
    },
    "рынок_NOUN москва_PROPN": {
        "difference": 9.654518767995187,
        "freq1": 1.1027470147319811,