{
    "информационный_ADJ бюллетень_NOUN": {
        "difference": 943.5796212153587,
        "freq1": 0.02881191919132549,
        "freq2": 27.18633979703843
    },
    "формирование_NOUN признавать_VERB": {
        "difference": 912.2192036969597,
        "freq1": 0.02881191919132549,
        "freq2": 26.282785981692086
    },
    "перемирие_NOUN распространяться_VERB": {
        "difference": 834.7405251220915,
        "freq1": 0.02881191919132549,
        "freq2": 24.050476555542303
    },
    "ан-нуср_NOUN сирийскый_ADJ": {
        "difference": 757.2618465472233,
        "freq1": 0.02881191919132549,
        "freq2": 21.81816712939252
    },
    "оон_PROPN террористический_ADJ": {
        "difference": 487.9312019774435,
        "freq1": 0.05762383838265098,
        "freq2": 28.116468724600836
    },
    "лихорадка_NOUN зик_PROPN": {
        "difference": 466.7168018914677,
        "freq1": 0.02881191919132549,
        "freq2": 13.447006781330835
    },
    "ситуация_NOUN алеппо_PROPN": {
        "difference": 439.0458452575862,
        "freq1": 0.02881191919132549,
        "freq2": 12.64975341484877
    },
    "действие_NOUN азербайджанский_ADJ": {
        "difference": 423.36563649838666,
        "freq1": 0.02881191919132549,
        "freq2": 12.197976507175598
    },
    "сирийскый_ADJ подразделение_NOUN": {
        "difference": 377.24737544191754,
        "freq1": 0.05762383838265098,
        "freq2": 21.73844179274431
    },
    "бюллетень_NOUN российский_ADJ": {
        "difference": 350.03760141860084,
        "freq1": 0.05762383838265098,
        "freq2": 20.170510171996256
    },
    "следить_VERB тема_NOUN": {
        "difference": 320.52191434246055,
        "freq1": 0.05762383838265098,
        "freq2": 18.469702990167846
    },
    "высший_ADJ комитет_NOUN": {
        "difference": 262.4129054113094,
        "freq1": 0.05762383838265098,
        "freq2": 15.121238850943172
    },
    "количество_NOUN населять_VERB": {
        "difference": 236.12549660912202,
        "freq1": 0.05762383838265098,
        "freq2": 13.606457454627249
    },
    "вс_PROPN армения_PROPN": {
        "difference": 229.66894006121632,
        "freq1": 0.05762383838265098,
        "freq2": 13.234405883602284
    },
    "вирус_NOUN зик_PROPN": {
        "difference": 212.14400085975805,
        "freq1": 0.08643575757397647,
        "freq2": 18.336827429087503
    },
    "распространяться_VERB запрещать_VERB": {
        "difference": 211.68281824919333,
        "freq1": 0.11524767676530195,
        "freq2": 24.395953014351196
    },
    "перестрелка_NOUN москва_NOUN": {
        "difference": 203.8427138695936,
        "freq1": 0.05762383838265098,
        "freq2": 11.746199599502429
    },
    "конфликт_NOUN нагорн_ADJ": {
        "difference": 190.92960077378228,
        "freq1": 0.08643575757397647,
        "freq2": 16.503144686178754
    },
    "испытание_NOUN водородный_ADJ": {
        "difference": 178.0164876779709,
        "freq1": 0.05762383838265098,
        "freq2": 10.257993315402574
    },
    "комитет_NOUN переговоры_NOUN": {
        "difference": 174.32702679345337,
        "freq1": 0.08643575757397647,
        "freq2": 15.068088626511035
    },
    "февраль_NOUN перемирие_NOUN": {
        "difference": 165.33396588744188,
        "freq1": 0.11524767676530195,
        "freq2": 19.05435545892136
    },
    "продолжаться_VERB перестрелка_NOUN": {
        "difference": 156.95581512885,
        "freq1": 0.17287151514795293,
        "freq2": 27.13318957260629
    },
    "признавать_VERB совет_PROPN": {
        "difference": 142.65915420134453,
        "freq1": 0.17287151514795293,
        "freq2": 24.661704136511887
    },
    "отстранять_VERB сборная_NOUN": {
        "difference": 117.75529323085121,
        "freq1": 0.08643575757397647,
        "freq2": 10.178267978754366
    },
    "риа_PROPN новости_NOUN": {
        "difference": 116.52547293601204,
        "freq1": 0.08643575757397647,
        "freq2": 10.071967529890092
    },
    "шахта_NOUN северный_ADJ": {
        "difference": 105.38022651403199,
        "freq1": 0.11524767676530195,
        "freq2": 12.14482628274346
    },
    "частность_NOUN обстрел_NOUN": {
        "difference": 101.69076562951446,
        "freq1": 0.11524767676530195,
        "freq2": 11.71962448728636
    },
    "республиканец_NOUN дональд::трампа_PROPN": {
        "difference": 91.54474819709125,
        "freq1": 0.11524767676530195,
        "freq2": 10.550319549779331
    },
    "pokemon_PROPN go_PROPN": {
        "difference": 83.93523512277385,
        "freq1": 0.17287151514795293,
        "freq2": 14.510011269973589
    },
    "армения_PROPN армянский_ADJ": {
        "difference": 83.3818159900962,
        "freq1": 0.14405959595662746,
        "freq2": 12.011950721663117
    },
    "однако_ADV соглашение_NOUN": {
        "difference": 78.17045249071519,
        "freq1": 0.34574303029590586,
        "freq2": 27.026889123742013
    },
    "заявлять_VERB независимость_NOUN": {
        "difference": 76.40258581688387,
        "freq1": 0.34574303029590586,
        "freq2": 26.41566154277243
    },
    "огонь_NOUN сирия_PROPN": {
        "difference": 75.59002597922228,
        "freq1": 0.6050503030178354,
        "freq2": 45.735768123854484
    },
    "присоединяться_VERB процесс_NOUN": {
        "difference": 75.23864875212537,
        "freq1": 0.20168343433927843,
        "freq2": 15.174389075375311
    },
    "попытка_NOUN переворот_NOUN": {
        "difference": 70.86839449010759,
        "freq1": 0.34574303029590586,
        "freq2": 24.502253463215474
    },
    "ограничение_NOUN добыча_NOUN": {
        "difference": 69.54633767315546,
        "freq1": 0.14405959595662746,
        "freq2": 10.018817305457954
    },
    "другой_ADJ формирование_NOUN": {
        "difference": 69.31929392641591,
        "freq1": 0.3745549494872314,
        "freq2": 25.96388463509926
    },
    "процесс_NOUN примирение_NOUN": {
        "difference": 64.46308045448686,
        "freq1": 0.25930727272192944,
        "freq2": 16.715745583907303
    },
    "аэропорт_NOUN брюссель_PROPN": {
        "difference": 63.18201764736273,
        "freq1": 0.2304953535306039,
        "freq2": 14.563161494405726
    },
    "сирия_PROPN вступать_VERB": {
        "difference": 61.60082012542663,
        "freq1": 0.40336686867855687,
        "freq2": 24.847729922024367
    },
    "примирение_NOUN сирия_PROPN": {
        "difference": 58.69596861732436,
        "freq1": 0.31693111110458044,
        "freq2": 18.602578551248193
    },
    "фетхуллах_PROPN гюлена_PROPN": {
        "difference": 58.57019154171581,
        "freq1": 0.2304953535306039,
        "freq2": 13.500157005762972
    },
    "россия_PROPN пкр_PROPN": {
        "difference": 57.95528139429622,
        "freq1": 0.17287151514795293,
        "freq2": 10.018817305457954
    },
    "сирийский_ADJ алеппо_PROPN": {
        "difference": 57.77360339619497,
        "freq1": 0.31693111110458044,
        "freq2": 18.310252316871434
    },
    "аль-каида_PROPN другой_ADJ": {
        "difference": 55.341913267762976,
        "freq1": 0.34574303029590586,
        "freq2": 19.13408079556957
    },
    "международный_ADJ паралимпийский_ADJ": {
        "difference": 55.11132196248062,
        "freq1": 0.34574303029590586,
        "freq2": 19.05435545892136
    },
    "заявлять_VERB обострение_NOUN": {
        "difference": 52.80540890965717,
        "freq1": 0.2304953535306039,
        "freq2": 12.17140139495953
    },
    "попытка_NOUN военный_ADJ": {
        "difference": 47.22509932182439,
        "freq1": 0.4321787878698824,
        "freq2": 20.40968618194087
    },
    "проповедник_NOUN фетхуллах_PROPN": {
        "difference": 46.002965403827965,
        "freq1": 0.2304953535306039,
        "freq2": 10.603469774211467
    },
    "враждовать_VERB сторона_NOUN": {
        "difference": 45.86670690525203,
        "freq1": 0.6338622222091609,
        "freq2": 29.073172764379315
    },