{
    "гуантанамо_PROPN": {
        "difference": 138.67115990336083,
        "freq1": 0.23351511706813366,
        "freq2": 32.381812138807184
    },
    "дубровка_PROPN": {
        "difference": 133.39180102379126,
        "freq1": 0.4670302341362673,
        "freq2": 62.29800406399962
    },
    "сергей::кукура_PROPN": {
        "difference": 83.06191303856131,
        "freq1": 0.23351511706813366,
        "freq2": 19.396212347102782
    },
    "галашка_NOUN": {
        "difference": 74.61493883124999,
        "freq1": 0.23351511706813366,
        "freq2": 17.423716176210974
    },
    "dhl_PROPN": {
        "difference": 73.2071097966981,
        "freq1": 0.23351511706813366,
        "freq2": 17.094966814395672
    },
    "социум_PROPN": {
        "difference": 68.27970817576649,
        "freq1": 0.23351511706813366,
        "freq2": 15.944344048042115
    },
    "яков::голдовский_PROPN": {
        "difference": 57.017075899351404,
        "freq1": 0.23351511706813366,
        "freq2": 13.314349153519705
    },
    "антикриминальный_ADJ": {
        "difference": 42.938785553832545,
        "freq1": 0.23351511706813366,
        "freq2": 10.026855535366693
    },
    "бали_PROPN": {
        "difference": 37.07283124319969,
        "freq1": 0.7005453512044009,
        "freq2": 25.97119958340881
    },
    "worldcom_PROPN": {
        "difference": 35.430364036222485,
        "freq1": 0.7005453512044009,
        "freq2": 24.820576817055255
    },
    "фадеев_PROPN": {
        "difference": 32.73202505333137,
        "freq1": 0.4670302341362673,
        "freq2": 15.286845324411516
    },
    "игнатьев_PROPN": {
        "difference": 28.508537949675702,
        "freq1": 0.4670302341362673,
        "freq2": 13.314349153519705
    },
    "грач_PROPN": {
        "difference": 28.156580691037732,
        "freq1": 0.4670302341362673,
        "freq2": 13.149974472612055
    },
    "норд-ост_PROPN": {
        "difference": 27.54065548842128,
        "freq1": 1.8681209365450693,
        "freq2": 51.44927512409466
    },
    "хлопонин_PROPN": {
        "difference": 27.218028001336478,
        "freq1": 0.7005453512044009,
        "freq2": 19.06746298528748
    },
    "мовсар::бараев_PROPN": {
        "difference": 26.0448371392099,
        "freq1": 0.4670302341362673,
        "freq2": 12.16372638716615
    },
    "каспийск_PROPN": {
        "difference": 23.93309358738207,
        "freq1": 1.6346058194769355,
        "freq2": 39.12117405602086
    },
    "тулькарма_PROPN": {
        "difference": 22.877221811468154,
        "freq1": 0.4670302341362673,
        "freq2": 10.684354258997294
    },
    "уралан_PROPN": {
        "difference": 22.525264552830187,
        "freq1": 0.4670302341362673,
        "freq2": 10.519979578089645
    },
    "магатэ_PROPN": {
        "difference": 20.69508680791273,
        "freq1": 1.1675755853406682,
        "freq2": 24.163078093424648
    },
    "пена_PROPN": {
        "difference": 19.944244656151728,
        "freq1": 0.7005453512044009,
        "freq2": 13.971847877150308
    },
    "-новость_PROPN": {
        "difference": 19.709606483726414,
        "freq1": 0.7005453512044009,
        "freq2": 13.807473196242658
    },
    "гуцериев_PROPN": {
        "difference": 18.536415621599843,
        "freq1": 0.7005453512044009,
        "freq2": 12.985599791704406
    },
    "-изданий_NOUN": {
        "difference": 17.597862931898582,
        "freq1": 0.9340604682725346,
        "freq2": 16.43746809076507
    },
    "лаг_PROPN": {
        "difference": 17.597862931898582,
        "freq1": 0.7005453512044009,
        "freq2": 12.328101068073801
    },
    "информагентство_NOUN": {
        "difference": 17.536652973874588,
        "freq1": 5.370847692567073,
        "freq2": 94.18669216008384
    },
    "александр::усс_PROPN": {
        "difference": 16.893948414622642,
        "freq1": 0.9340604682725346,
        "freq2": 15.779969367134468
    },
    "литвиненко_PROPN": {
        "difference": 16.753165511167452,
        "freq1": 2.3351511706813364,
        "freq2": 39.12117405602086
    },
    "госкомспорт_PROPN": {
        "difference": 16.190033897346698,
        "freq1": 1.1675755853406682,
        "freq2": 18.90308830437983
    },
    "росбизнесконсалтинг_PROPN": {
        "difference": 16.148627161036348,
        "freq1": 3.969756990158272,
        "freq2": 64.10612555398377
    },
    "судейство_NOUN": {
        "difference": 15.345336476615564,
        "freq1": 1.1675755853406682,
        "freq2": 17.916840218933924
    },
    "премьер-лига_NOUN": {
        "difference": 14.782204862794812,
        "freq1": 1.1675755853406682,
        "freq2": 17.259341495303325
    },
    "александр::хлопонин_PROPN": {
        "difference": 14.78220486279481,
        "freq1": 1.4010907024088017,
        "freq2": 20.711209794363985
    },
    "тулун_PROPN": {
        "difference": 14.078290345518866,
        "freq1": 0.9340604682725346,
        "freq2": 13.149974472612055
    },
    "sec_PROPN": {
        "difference": 13.609014000668239,
        "freq1": 1.4010907024088017,
        "freq2": 19.06746298528748
    },
    "enron_PROPN": {
        "difference": 13.374375828242924,
        "freq1": 6.771938394975876,
        "freq2": 90.57044918011553
    },
    "гаи_PROPN": {
        "difference": 13.198397198923935,
        "freq1": 0.9340604682725346,
        "freq2": 12.328101068073801
    },
    "телескоп_NOUN": {
        "difference": 13.092810021332548,
        "freq1": 1.1675755853406682,
        "freq2": 15.286845324411516
    },
    "калугин_PROPN": {
        "difference": 13.072698177981803,
        "freq1": 1.6346058194769355,
        "freq2": 21.368708517994587
    },
    "ледник_NOUN": {
        "difference": 12.71186804727733,
        "freq1": 3.969756990158272,
        "freq2": 50.46302703864876
    },
    "аль-акса_PROPN": {
        "difference": 12.620181702590129,
        "freq1": 3.269211638953871,
        "freq2": 41.25804490782033
    },
    "цахал_NOUN": {
        "difference": 12.469342877459566,
        "freq1": 1.6346058194769355,
        "freq2": 20.382460432548683
    },
    "ось_NOUN": {
        "difference": 12.201184966116353,
        "freq1": 1.4010907024088017,
        "freq2": 17.094966814395672
    },
    "зайцев_PROPN": {
        "difference": 11.966546793691037,
        "freq1": 1.1675755853406682,
        "freq2": 13.971847877150308
    },
    "нагано_PROPN": {
        "difference": 11.79056816437205,
        "freq1": 0.9340604682725346,
        "freq2": 11.013103620812597
    },
    "росбалт_PROPN": {
        "difference": 10.7753068413779,
        "freq1": 3.0356965218857375,
        "freq2": 32.71056150062248
    },
    "олег::киселев_PROPN": {
        "difference": 10.734696388458136,
        "freq1": 0.9340604682725346,
        "freq2": 10.026855535366693
    },
    "пен_PROPN": {
        "difference": 10.417934855683962,
        "freq1": 1.1675755853406682,
        "freq2": 12.16372638716615
    },
    "andersen_PROPN": {
        "difference": 9.815696879792322,
        "freq1": 4.203272107226406,
        "freq2": 41.25804490782033
    },
    "метровый_ADJ": {
        "difference": 9.784411790135612,
        "freq1": 2.3351511706813364,
        "freq2": 22.848080646163446
    },
    "итар-тасс_NOUN": {
        "difference": 9.760947972893081,
        "freq1": 3.5027267560220046,
        "freq2": 34.189933628791344
    },
    "антисемитский_ADJ": {
        "difference": 9.598834326490136,
        "freq1": 2.56866628774947,
        "freq2": 24.656202136147602
    },
    "гаарец_PROPN": {
        "difference": 9.437668713107092,
        "freq1": 6.3049081608396085,
        "freq2": 59.50363448856955
    },
    "роналдо_PROPN": {
        "difference": 9.41485666856574,
        "freq1": 1.8681209365450693,
        "freq2": 17.588090857118623
    },
    "переписчик_NOUN": {
        "difference": 9.385526897012578,
        "freq1": 1.4010907024088017,
        "freq2": 13.149974472612055
    },