{
    "сертификат_NOUN вакцинация_NOUN": {
        "difference": 1145.5869580730582,
        "freq1": 0.026731963943927035,
        "freq2": 30.62378925784204
    },
    "энтони_PROPN блинкен_PROPN": {
        "difference": 967.5565524265693,
        "freq1": 0.026731963943927035,
        "freq2": 25.864686873177398
    },
    "самолет_NOUN ryanair_PROPN": {
        "difference": 845.6444268208214,
        "freq1": 0.026731963943927035,
        "freq2": 22.605736327157043
    },
    "шахта_NOUN листвяжный_ADJ": {
        "difference": 703.4136136141159,
        "freq1": 0.026731963943927035,
        "freq2": 18.803627356799968
    },
    "входить_VERB кабул_PROPN": {
        "difference": 656.9708990976405,
        "freq1": 0.026731963943927035,
        "freq2": 17.562122386887452
    },
    "сша_PROPN джо::байден_PROPN": {
        "difference": 614.3984107908715,
        "freq1": 0.05346392788785407,
        "freq2": 32.84815232893529
    },
    "дело_NOUN ив_VERB": {
        "difference": 528.2858776249069,
        "freq1": 0.026731963943927035,
        "freq2": 14.12211903275486
    },
    "дело_NOUN ив_PROPN": {
        "difference": 477.0053803462986,
        "freq1": 0.026731963943927035,
        "freq2": 12.751290628476456
    },
    "путин_PROPN байден_PROPN": {
        "difference": 459.5893624026204,
        "freq1": 0.026731963943927035,
        "freq2": 12.285726264759264
    },
    "обвинять_VERB минск_PROPN": {
        "difference": 433.465335487103,
        "freq1": 0.026731963943927035,
        "freq2": 11.587379719183474
    },
    "россия_PROPN правда_NOUN": {
        "difference": 317.84232747212803,
        "freq1": 0.05346392788785407,
        "freq2": 16.99309927567755
    },
    "ив_VERB роше_ADV": {
        "difference": 152.39015700718465,
        "freq1": 0.1603917836635622,
        "freq2": 24.442129095152637
    },
    "темп_NOUN вакцинация_NOUN": {
        "difference": 120.29953135170348,
        "freq1": 0.1603917836635622,
        "freq2": 19.29505640739034
    },
    "август_NOUN входить_VERB": {
        "difference": 112.96222749580197,
        "freq1": 0.10692785577570814,
        "freq2": 12.078808769773845
    },
    "основатель_NOUN nexta_PROPN": {
        "difference": 106.4312207669226,
        "freq1": 0.10692785577570814,
        "freq2": 11.380462224198054
    },
    "фбк_PROPN включать_VERB": {
        "difference": 105.22177507638939,
        "freq1": 0.10692785577570814,
        "freq2": 11.251138789832167
    },
    "минюст_PROPN реестр_NOUN": {
        "difference": 104.49610766206949,
        "freq1": 0.24058767549534327,
        "freq2": 25.14047564072843
    },
    "кризис_NOUN граница_NOUN": {
        "difference": 102.80288369532298,
        "freq1": 0.10692785577570814,
        "freq2": 10.992491921100394
    },
    "акция_NOUN январь_NOUN": {
        "difference": 99.81958432534107,
        "freq1": 0.1603917836635622,
        "freq2": 16.01024117449681
    },
    "ив_PROPN роше_ADV": {
        "difference": 96.75565524265693,
        "freq1": 0.13365981971963517,
        "freq2": 12.932343436588699
    },
    "здание_NOUN капитолий_PROPN": {
        "difference": 69.01903407309528,
        "freq1": 0.1603917836635622,
        "freq2": 11.070085981719926
    },
    "срок_NOUN реальный_ADJ": {
        "difference": 61.439841079087145,
        "freq1": 0.21385571155141628,
        "freq2": 13.139260931574118
    },
    "причастность_NOUN взрыв_NOUN": {
        "difference": 58.74450496875599,
        "freq1": 0.18712374760748923,
        "freq2": 10.992491921100394
    },
    "май_NOUN самолет_NOUN": {
        "difference": 57.32772573127423,
        "freq1": 0.21385571155141628,
        "freq2": 12.259861577886086
    },
    "энергетический_ADJ кризис_NOUN": {
        "difference": 57.3008491603735,
        "freq1": 0.24058767549534327,
        "freq2": 13.785878103403553
    },
    "минский_ADJ аэропорт_NOUN": {
        "difference": 56.02152438549837,
        "freq1": 0.26731963943927034,
        "freq2": 14.975653699569714
    },
    "мигрант_NOUN граница_NOUN": {
        "difference": 55.39261262642109,
        "freq1": 0.21385571155141628,
        "freq2": 11.846026587915247
    },
    "реестр_NOUN организация_NOUN": {
        "difference": 53.53812923427017,
        "freq1": 0.4009794591589055,
        "freq2": 21.46769010473724
    },
    "срок_NOUN дело_NOUN": {
        "difference": 48.37782762132847,
        "freq1": 0.37424749521497847,
        "freq2": 18.10528081122418
    },
    "авиакомпания_NOUN ryanair_PROPN": {
        "difference": 43.61447228630536,
        "freq1": 0.3475155312710514,
        "freq2": 15.156706507681955
    },
    "польский_ADJ граница_NOUN": {
        "difference": 43.29815572108898,
        "freq1": 0.3207835673271244,
        "freq2": 13.889336850896262
    },
    "ситуация_NOUN афганистан_PROPN": {
        "difference": 41.81994432154839,
        "freq1": 0.7217630264860299,
        "freq2": 30.184089580998023
    },
    "мигрант_NOUN страна_NOUN": {
        "difference": 35.739120155256394,
        "freq1": 0.42771142310283256,
        "freq2": 15.28602994204784
    },
    "олимпийский_ADJ турнир_NOUN": {
        "difference": 34.59014674924986,
        "freq1": 0.3207835673271244,
        "freq2": 11.095950668593105
    },
    "включать_VERB минюст_PROPN": {
        "difference": 33.86447933492993,
        "freq1": 0.6682990985981757,
        "freq2": 22.63160101403022
    },
    "экстремистский_ADJ формирование_NOUN": {
        "difference": 30.897305907488448,
        "freq1": 0.4009794591589055,
        "freq2": 12.389185012251973
    },
    "отрицательный_ADJ пцр-тест_PROPN": {
        "difference": 27.034668376624733,
        "freq1": 0.4544433870467595,
        "freq2": 12.285726264759264
    },
    "симоновский_ADJ суд_NOUN": {
        "difference": 24.86620339736283,
        "freq1": 0.5346392788785407,
        "freq2": 13.294449052813182
    },
    "обязательный_ADJ вакцинация_NOUN": {
        "difference": 24.828192247088932,
        "freq1": 1.4969899808599139,
        "freq2": 37.16755503675592
    },
    "миграционный_ADJ кризис_NOUN": {
        "difference": 24.301795408447333,
        "freq1": 1.603917836635622,
        "freq2": 38.978083117878334
    },
    "nexta_PROPN telegram-канал_PROPN": {
        "difference": 23.49227309291711,
        "freq1": 0.6682990985981757,
        "freq2": 15.69986493201868
    },
    "смотреть_VERB ъ_PROPN": {
        "difference": 23.09515422966028,
        "freq1": 0.6148351707103218,
        "freq2": 14.19971309337439
    },
    "войска_NOUN граница_NOUN": {
        "difference": 23.017661141937335,
        "freq1": 0.5079073149346136,
        "freq2": 11.690838466676183
    },
    "токио_PROPN июл_NOUN": {
        "difference": 22.367630888449515,
        "freq1": 0.4544433870467595,
        "freq2": 10.164821941158717
    },
    "заявлять_VERB война_NOUN": {
        "difference": 21.97735597654636,
        "freq1": 0.5613712428224678,
        "freq2": 12.337455638505618
    },
    "суэцкий_ADJ канал_NOUN": {
        "difference": 21.479755463869836,
        "freq1": 0.801958918317811,
        "freq2": 17.225881457536143
    },
    "несогласовать_ADJ акция_NOUN": {
        "difference": 20.676262848593858,
        "freq1": 1.2296703414206436,
        "freq2": 25.42498719633338
    },
    "первый_ADJ компонент_NOUN": {
        "difference": 19.7322896903964,
        "freq1": 0.8821548101495921,
        "freq2": 17.40693426564839
    },
    "территория_NOUN афганистан_PROPN": {
        "difference": 19.63781447147259,
        "freq1": 0.7217630264860299,
        "freq2": 14.173848406501213
    },
    "организация_NOUN выполнять_VERB": {
        "difference": 19.451918189409156,
        "freq1": 1.2831342693084975,
        "freq2": 24.959422832616188
    },
    "власть_NOUN афганистан_PROPN": {
        "difference": 18.267467709813634,
        "freq1": 0.6682990985981757,