{
    "причастно_ADV российский_ADJ": {
        "difference": 871.4565397298957,
        "freq1": 0.02786540596510844,
        "freq2": 24.283490260522196
    },
    "офицер_NOUN гру_PROPN": {
        "difference": 726.9491894708877,
        "freq1": 0.02786540596510844,
        "freq2": 20.25673428061282
    },
    "желтый_ADJ жилет_NOUN": {
        "difference": 693.855903152031,
        "freq1": 0.02786540596510844,
        "freq2": 19.33457642261831
    },
    "оливковый_ADJ ветвь_NOUN": {
        "difference": 678.4123695365645,
        "freq1": 0.02786540596510844,
        "freq2": 18.904236088887536
    },
    "дочь_NOUN юлия_PROPN": {
        "difference": 510.5190969455641,
        "freq1": 0.13932702982554224,
        "freq2": 71.1291094466435
    },
    "центр_NOUN зимний_ADJ": {
        "difference": 491.4353018350235,
        "freq1": 0.05573081193021688,
        "freq2": 27.38808838243706
    },
    "cambridge_PROPN analytica_PROPN": {
        "difference": 471.02777527172844,
        "freq1": 0.02786540596510844,
        "freq2": 13.12538017878858
    },
    "максим::сурайкин_PROPN коммунист_PROPN": {
        "difference": 441.2438175847573,
        "freq1": 0.02786540596510844,
        "freq2": 12.295438106593517
    },
    "пошлина_NOUN сталь_NOUN": {
        "difference": 435.72826986494783,
        "freq1": 0.02786540596510844,
        "freq2": 12.141745130261098
    },
    "руководитель_NOUN портал_NOUN": {
        "difference": 386.0883403866627,
        "freq1": 0.02786540596510844,
        "freq2": 10.758508343269328
    },
    "новость_PROPN полузащитник_NOUN": {
        "difference": 368.4385876832724,
        "freq1": 0.02786540596510844,
        "freq2": 10.266690819005587
    },
    "экс-полковник_NOUN гру_PROPN": {
        "difference": 317.6955486610253,
        "freq1": 0.05573081193021688,
        "freq2": 17.705430873494667
    },
    "предоставление_NOUN автокефалия_NOUN": {
        "difference": 312.18000094121584,
        "freq1": 0.05573081193021688,
        "freq2": 17.39804492082983
    },
    "собчак_PROPN гражданский_ADJ": {
        "difference": 220.62190879237866,
        "freq1": 0.05573081193021688,
        "freq2": 12.295438106593517
    },
    "константинопольский_ADJ патриархать_NOUN": {
        "difference": 195.2503892812551,
        "freq1": 0.05573081193021688,
        "freq2": 10.881462724335263
    },
    "рост_NOUN григорий::явлинский_PROPN": {
        "difference": 191.94106064936943,
        "freq1": 0.05573081193021688,
        "freq2": 10.69703115273636
    },
    "полковник_NOUN гру_PROPN": {
        "difference": 165.09872841296334,
        "freq1": 0.16719243579065068,
        "freq2": 27.60325854930245
    },
    "город_NOUN дума_PROPN": {
        "difference": 158.8477743305126,
        "freq1": 0.13932702982554224,
        "freq2": 22.131788591868332
    },
    "киевский_ADJ митрополия_NOUN": {
        "difference": 122.81286256109077,
        "freq1": 0.08359621789532534,
        "freq2": 10.266690819005587
    },
    "григорий::явлинский_PROPN яблоко_PROPN": {
        "difference": 110.03517701019886,
        "freq1": 0.11146162386043376,
        "freq2": 12.264699511327034
    },
    "борис::титов_PROPN партия_PROPN": {
        "difference": 108.93206746623696,
        "freq1": 0.11146162386043376,
        "freq2": 12.141745130261098
    },
    "рпц_PROPN называть_VERB": {
        "difference": 107.5531805362846,
        "freq1": 0.11146162386043376,
        "freq2": 11.98805215392868
    },
    "кпрф_PROPN владимир::жириновский_PROPN": {
        "difference": 103.69229713241796,
        "freq1": 0.11146162386043376,
        "freq2": 11.557711820197905
    },
    "константинопольский_ADJ патриархат_NOUN": {
        "difference": 101.92732186207891,
        "freq1": 0.2786540596510845,
        "freq2": 28.402462026231024
    },
    "сирийский_ADJ африна_PROPN": {
        "difference": 95.60282714336408,
        "freq1": 0.16719243579065068,
        "freq2": 15.984069538571575
    },
    "украинский_ADJ моряк_NOUN": {
        "difference": 88.87911182778683,
        "freq1": 0.1950578417557591,
        "freq2": 17.33656773029686
    },
    "новость_PROPN хоккеист_NOUN": {
        "difference": 88.11087482395622,
        "freq1": 0.22292324772086752,
        "freq2": 19.641962375283143
    },
    "дело_NOUN отравление_NOUN": {
        "difference": 86.70441015540479,
        "freq1": 0.13932702982554224,
        "freq2": 12.080267939728131
    },
    "лондон_PROPN утверждать_VERB": {
        "difference": 82.95383770593435,
        "freq1": 0.13932702982554224,
        "freq2": 11.557711820197905
    },
    "патриарх_NOUN варфоломей_PROPN": {
        "difference": 80.30637480042581,
        "freq1": 0.13932702982554224,
        "freq2": 11.1888486770001
    },
    "церковь_NOUN украина_PROPN": {
        "difference": 72.64764282377611,
        "freq1": 0.3901156835115182,
        "freq2": 28.34098483569806
    },
    "новость_PROPN футболист_NOUN": {
        "difference": 72.13548482122238,
        "freq1": 0.7802313670230364,
        "freq2": 56.282367932931834
    },
    "гуманитарный_ADJ пауза_NOUN": {
        "difference": 71.88597194818337,
        "freq1": 0.16719243579065068,
        "freq2": 12.018790749195164
    },
    "константинопольский_ADJ патриарх_NOUN": {
        "difference": 68.39279172563738,
        "freq1": 0.1950578417557591,
        "freq2": 13.340550345653966
    },
    "предпенсионный_ADJ возраст_NOUN": {
        "difference": 59.56791537394224,
        "freq1": 0.22292324772086752,
        "freq2": 13.279073155120999
    },
    "сотрудник_NOUN гру_PROPN": {
        "difference": 58.46480582998035,
        "freq1": 0.22292324772086752,
        "freq2": 13.033164392989129
    },
    "пенсионный_ADJ законодательство_NOUN": {
        "difference": 50.988174476460834,
        "freq1": 0.250788653685976,
        "freq2": 12.787255630857258
    },
    "новость_PROPN нападающий_NOUN": {
        "difference": 49.63992947828519,
        "freq1": 0.250788653685976,
        "freq2": 12.449131082925938
    },
    "американский_ADJ товар_NOUN": {
        "difference": 46.45316857350638,
        "freq1": 0.250788653685976,
        "freq2": 11.649927605997357
    },
    "нервный_ADV паралитический_ADJ": {
        "difference": 42.51985878544024,
        "freq1": 0.3065194656161929,
        "freq2": 13.033164392989129
    },
    "работать_VERB британский_ADJ": {
        "difference": 41.58722980736337,
        "freq1": 0.2786540596510845,
        "freq2": 11.588450415464392
    },
    "натали_VERB турс_PROPN": {
        "difference": 39.61166089681343,
        "freq1": 0.3065194656161929,
        "freq2": 12.141745130261098
    },
    "изменение_NOUN пенсионный_ADJ": {
        "difference": 38.693688618971024,
        "freq1": 0.36225027754640976,
        "freq2": 14.01679944151661
    },
    "паралитический_ADJ вещество_NOUN": {
        "difference": 37.46160011294589,
        "freq1": 0.6966351491277112,
        "freq2": 26.09706738124474
    },
    "саратовский_ADJ авиалиния_NOUN": {
        "difference": 37.00431106563077,
        "freq1": 0.6130389312323858,
        "freq2": 22.68508330666504
    },
    "украинский_ADJ корабль_NOUN": {
        "difference": 34.02222067166681,
        "freq1": 0.5294427133370605,
        "freq2": 18.012816826159504
    },
    "россия_PROPN категорически_ADV": {
        "difference": 33.438008051344895,
        "freq1": 0.44584649544173505,
        "freq2": 14.908218704244641
    },
    "вашингтон_PROPN выходить_VERB": {
        "difference": 31.14163097184729,
        "freq1": 0.36225027754640976,
        "freq2": 11.281064462799552
    },
    "национальный_ADJ проект_NOUN": {
        "difference": 29.673646732574923,
        "freq1": 0.557308119302169,
        "freq2": 16.53736425336828
    },
    "владимир::жириновский_PROPN лдпр_PROPN": {
        "difference": 27.922460331535426,
        "freq1": 0.44584649544173505,