{
    "новость_PROPN прайм_PROPN": {
        "difference": 3940.0820543290224,
        "freq1": 0.029798509037560008,
        "freq2": 117.40857070465138
    },
    "недовольный_ADJ госпереворовать_NOUN": {
        "difference": 1776.1793211785066,
        "freq1": 0.029798509037560008,
        "freq2": 52.927495554464926
    },
    "четверка_NOUN состояться_VERB": {
        "difference": 1245.3559965584739,
        "freq1": 0.029798509037560008,
        "freq2": 37.109751918427236
    },
    "вопрос_PROPN урегулирование_NOUN": {
        "difference": 1166.0709098210555,
        "freq1": 0.029798509037560008,
        "freq2": 34.74717454473854
    },
    "вооружение_NOUN создание_NOUN": {
        "difference": 956.7389430082375,
        "freq1": 0.059597018075120016,
        "freq2": 57.01878807963315
    },
    "агентство_NOUN выступать_VERB": {
        "difference": 883.738649731712,
        "freq1": 0.029798509037560008,
        "freq2": 26.3340941408715
    },
    "казань_PROPN впервые_ADV": {
        "difference": 874.0697367149536,
        "freq1": 0.029798509037560008,
        "freq2": 26.045974948958243
    },
    "хост-агентство_NOUN фотопуть_NOUN": {
        "difference": 873.1028454132779,
        "freq1": 0.029798509037560008,
        "freq2": 26.01716302976692
    },
    "миграционный_ADJ кризис_NOUN": {
        "difference": 834.4271933462445,
        "freq1": 0.029798509037560008,
        "freq2": 24.8646862621139
    },
    "вооружение_NOUN калибр_NOUN": {
        "difference": 799.6191064859145,
        "freq1": 0.029798509037560008,
        "freq2": 23.827457171226182
    },
    "сила_NOUN стать_VERB": {
        "difference": 613.0090852624786,
        "freq1": 0.059597018075120016,
        "freq2": 36.53351353460072
    },
    "ополченец_NOUN итог_NOUN": {
        "difference": 612.5256396116406,
        "freq1": 0.059597018075120016,
        "freq2": 36.504701615409395
    },
    "спровоцировать_VERB украинский_ADJ": {
        "difference": 612.0421939608027,
        "freq1": 0.059597018075120016,
        "freq2": 36.47588969621807
    },
    "иг_PROPN запрещать_VERB": {
        "difference": 577.2341071004728,
        "freq1": 0.029798509037560008,
        "freq2": 17.20071575722132
    },
    "алексис_PROPN ципрас_PROPN": {
        "difference": 509.55171598316434,
        "freq1": 0.029798509037560008,
        "freq2": 15.183881413828534
    },
    "формата_NOUN частность_NOUN": {
        "difference": 480.5449769328893,
        "freq1": 0.029798509037560008,
        "freq2": 14.319523838088768
    },
    "обстрел_NOUN регион_NOUN": {
        "difference": 478.6111943295377,
        "freq1": 0.029798509037560008,
        "freq2": 14.261899999706118
    },
    "внесение_NOUN конституция_NOUN": {
        "difference": 467.0084987094277,
        "freq1": 0.029798509037560008,
        "freq2": 13.916156969410213
    },
    "стать_VERB штурмовать_VERB": {
        "difference": 465.39701320663465,
        "freq1": 0.08939552711268002,
        "freq2": 41.60441131227401
    },
    "ранее_ADV ъ_PROPN": {
        "difference": 446.7037813742351,
        "freq1": 0.3277835994131601,
        "freq2": 146.42217333031613
    },
    "р-спорт_PROPN статус_NOUN": {
        "difference": 436.55142270663896,
        "freq1": 0.059597018075120016,
        "freq2": 26.01716302976692
    },
    "запрещенный_VERB россия_PROPN": {
        "difference": 421.5646075306635,
        "freq1": 0.029798509037560008,
        "freq2": 12.561996767417915
    },
    "частность_NOUN прекращение_NOUN": {
        "difference": 401.018167370052,
        "freq1": 0.11919403615024003,
        "freq2": 47.79897393840899
    },
    "законодательство_NOUN особый_ADJ": {
        "difference": 397.3923249887677,
        "freq1": 0.029798509037560008,
        "freq2": 11.841698787634778
    },
    "теракт_NOUN париж_PROPN": {
        "difference": 394.8139481842988,
        "freq1": 0.08939552711268002,
        "freq2": 35.29460100937373
    },
    "уже_ADV документ_NOUN": {
        "difference": 380.3105786591613,
        "freq1": 0.08939552711268002,
        "freq2": 33.99806464576408
    },
    "рабочий_ADJ подгруппа_NOUN": {
        "difference": 378.054498955251,
        "freq1": 0.029798509037560008,
        "freq2": 11.265460403808268
    },
    "соприкосновение_NOUN донбасс_PROPN": {
        "difference": 342.2795207932451,
        "freq1": 0.029798509037560008,
        "freq2": 10.199419393729224
    },
    "нормандский_ADJ четверка_NOUN": {
        "difference": 310.17872957760744,
        "freq1": 0.2979850903756001,
        "freq2": 92.42863676577218
    },
    "год_NOUN донбасс_PROPN": {
        "difference": 308.7606223351496,
        "freq1": 0.17879105422536004,
        "freq2": 55.20363717057965
    },
    "договариваться_VERB переговоры_NOUN": {
        "difference": 307.47143393291515,
        "freq1": 0.11919403615024003,
        "freq2": 36.64876121136603
    },
    "крушение_NOUN российский_ADJ": {
        "difference": 292.96806440777766,
        "freq1": 0.08939552711268002,
        "freq2": 26.190034544914873
    },
    "плавание_NOUN российский_ADJ": {
        "difference": 292.96806440777766,
        "freq1": 0.08939552711268002,
        "freq2": 26.190034544914873
    },
    "менее_ADV миллиметр_NOUN": {
        "difference": 259.12686884912347,
        "freq1": 0.08939552711268002,
        "freq2": 23.164783029825696
    },
    "кризис_NOUN обсуждать_VERB": {
        "difference": 242.68971672063427,
        "freq1": 0.059597018075120016,
        "freq2": 14.463583434045397
    },
    "человек_NOUN вопрос_PROPN": {
        "difference": 223.35189068711756,
        "freq1": 0.14899254518780006,
        "freq2": 33.27776666598094
    },
    "сатирический_ADJ журнал_NOUN": {
        "difference": 222.86844503627967,
        "freq1": 0.059597018075120016,
        "freq2": 13.282294747201052
    },
    "источник_NOUN оперативный_ADJ": {
        "difference": 221.41810808376593,
        "freq1": 0.11919403615024003,
        "freq2": 26.39171797925415
    },
    "безопасность_NOUN читать_VERB": {
        "difference": 215.0366254927054,
        "freq1": 0.14899254518780006,
        "freq2": 32.03885414075395
    },
    "переговоры_NOUN нормандский_ADJ": {
        "difference": 200.38822227231654,
        "freq1": 0.23838807230048006,
        "freq2": 47.770162019217665
    },
    "операция_NOUN самопровозглашенный_ADJ": {
        "difference": 198.21271684354593,
        "freq1": 0.08939552711268002,
        "freq2": 17.719330302665178
    },
    "париж_PROPN происходить_VERB": {
        "difference": 186.126575572598,
        "freq1": 0.059597018075120016,
        "freq2": 11.092588888660314
    },
    "отмечать_VERB децентрализация_NOUN": {
        "difference": 184.67623862008423,
        "freq1": 0.059597018075120016,
        "freq2": 11.006153131086338
    },
    "донбасс_PROPN силовой_ADJ": {
        "difference": 183.2698512721921,
        "freq1": 0.3277835994131601,
        "freq2": 60.07285151391365
    },
    "советский_ADJ авиация_NOUN": {
        "difference": 181.77556471505673,
        "freq1": 0.059597018075120016,
        "freq2": 10.833281615938384
    },
    "текстовый_ADJ информация_NOUN": {
        "difference": 176.36097342567206,
        "freq1": 0.14899254518780006,
        "freq2": 26.27647030248885
    },
    "карикатура_NOUN пророк_NOUN": {
        "difference": 174.36273140220868,
        "freq1": 0.08939552711268002,
        "freq2": 15.58724828250709
    },
    "завершаться_VERB принятие_NOUN": {
        "difference": 167.27219518991924,
        "freq1": 0.08939552711268002,
        "freq2": 14.95338606029793
    },
    "регион_NOUN возрастать_VERB": {
        "difference": 155.024905368692,
        "freq1": 0.08939552711268002,
        "freq2": 13.858533131027562
    },
    "убийство_NOUN политика_NOUN": {
        "difference": 148.9012604580784,
        "freq1": 0.11919403615024003,