{
    "ливия_PROPN начинаться_VERB": {
        "difference": 1175.0278833306136,
        "freq1": 0.03110219556307897,
        "freq2": 36.545947019419486
    },
    "переходный_ADJ национальный_ADJ": {
        "difference": 1010.655477588921,
        "freq1": 0.03110219556307897,
        "freq2": 31.433604310867597
    },
    "зона_NOUN ливия_PROPN": {
        "difference": 953.3599533018166,
        "freq1": 0.03110219556307897,
        "freq2": 29.651587709600935
    },
    "впоследствии_ADV перерастать_VERB": {
        "difference": 796.5017146797444,
        "freq1": 0.03110219556307897,
        "freq2": 24.77295209629714
    },
    "бельгия_PROPN италия_PROPN": {
        "difference": 603.9511822394759,
        "freq1": 0.03110219556307897,
        "freq2": 18.784207780564927
    },
    "год_NOUN каддафи_PROPN": {
        "difference": 430.18606759825815,
        "freq1": 0.03110219556307897,
        "freq2": 13.379731202952936
    },
    "агентство_NOUN рапси_PROPN": {
        "difference": 397.31158644991973,
        "freq1": 0.06220439112615794,
        "freq2": 24.71452532248512
    },
    "серия_NOUN авария_NOUN": {
        "difference": 355.04439640205584,
        "freq1": 0.03110219556307897,
        "freq2": 11.042660250472073
    },
    "руководство_PROPN кампания_NOUN": {
        "difference": 354.10512551210337,
        "freq1": 0.03110219556307897,
        "freq2": 11.013446863566063
    },
    "март_NOUN операция_NOUN": {
        "difference": 283.1901733206874,
        "freq1": 0.06220439112615794,
        "freq2": 17.615672304324498
    },
    "перерастать_VERB вооружать_VERB": {
        "difference": 233.87845159817965,
        "freq1": 0.12440878225231589,
        "freq2": 29.096533358386733
    },
    "утечка_NOUN радиация_NOUN": {
        "difference": 218.22393676563752,
        "freq1": 0.09330658668923691,
        "freq2": 20.36173067348951
    },
    "канада_PROPN бельгия_PROPN": {
        "difference": 200.6908801531903,
        "freq1": 0.09330658668923691,
        "freq2": 18.725781006752907
    },
    "сирия_PROPN начинаться_VERB": {
        "difference": 197.7165223350073,
        "freq1": 0.06220439112615794,
        "freq2": 12.298835887430538
    },
    "город_NOUN бенгази_PROPN": {
        "difference": 196.7772514450548,
        "freq1": 0.06220439112615794,
        "freq2": 12.240409113618517
    },
    "март_NOUN полностью_ADV": {
        "difference": 176.5829273110754,
        "freq1": 0.06220439112615794,
        "freq2": 10.984233476660052
    },
    "минский_ADJ метро_NOUN": {
        "difference": 171.88657286131277,
        "freq1": 0.06220439112615794,
        "freq2": 10.692099607599944
    },
    "выступление_NOUN требование_NOUN": {
        "difference": 134.62882755986246,
        "freq1": 0.09330658668923691,
        "freq2": 12.561756369584634
    },
    "противостояние_NOUN правительственный_ADJ": {
        "difference": 129.887745924864,
        "freq1": 0.2177153689415528,
        "freq2": 28.278558525018433
    },
    "авария_NOUN аэс_PROPN": {
        "difference": 121.40076252636435,
        "freq1": 0.12440878225231589,
        "freq2": 15.103321030407573
    },
    "сирийский_ADJ власть_NOUN": {
        "difference": 117.6772243554811,
        "freq1": 0.2177153689415528,
        "freq2": 25.62014031657145
    },
    "агентство_NOUN прайм_PROPN": {
        "difference": 117.22100706607559,
        "freq1": 0.15551097781539486,
        "freq2": 18.229153429350724
    },
    "подготавливать_VERB агентство_NOUN": {
        "difference": 113.0255970909543,
        "freq1": 0.09330658668923691,
        "freq2": 10.546032673069892
    },
    "ливия_PROPN март_NOUN": {
        "difference": 109.65987640195773,
        "freq1": 0.12440878225231589,
        "freq2": 13.642651685107033
    },
    "оон_PROPN март_NOUN": {
        "difference": 96.95362852954437,
        "freq1": 0.2799197600677107,
        "freq2": 27.139236435684012
    },
    "президент_NOUN башар::асад_PROPN": {
        "difference": 92.42425557132883,
        "freq1": 0.15551097781539486,
        "freq2": 14.372986357757302
    },
    "объявлять_VERB единственный_ADJ": {
        "difference": 88.9959168230021,
        "freq1": 0.12440878225231589,
        "freq2": 11.071873637378085
    },
    "испания_PROPN дания_PROPN": {
        "difference": 86.14455876421763,
        "freq1": 0.2177153689415528,
        "freq2": 18.75499439365892
    },
    "тунис_PROPN египет_PROPN": {
        "difference": 85.94328643065639,
        "freq1": 0.12440878225231589,
        "freq2": 10.692099607599944
    },
    "землетрясение_NOUN япония_PROPN": {
        "difference": 84.06474465075132,
        "freq1": 0.12440878225231589,
        "freq2": 10.458392512351859
    },
    "демонстрация_NOUN требование_NOUN": {
        "difference": 77.53254255244512,
        "freq1": 0.34212415119386863,
        "freq2": 26.525755310657786
    },
    "единственный_ADJ легитимный_ADJ": {
        "difference": 69.69390003447764,
        "freq1": 0.15551097781539486,
        "freq2": 10.838166542129999
    },
    "вооружать_VERB противостояние_NOUN": {
        "difference": 68.49968418868085,
        "freq1": 0.4354307378831056,
        "freq2": 29.826868031037005
    },
    "рейтинг_NOUN сша_PROPN": {
        "difference": 67.09077785375204,
        "freq1": 0.2177153689415528,
        "freq2": 14.606693453005388
    },
    "вмешательство_NOUN ситуация_NOUN": {
        "difference": 66.95659629804454,
        "freq1": 0.2177153689415528,
        "freq2": 14.577480066099378
    },
    "район_NOUN япония_PROPN": {
        "difference": 66.50037900863904,
        "freq1": 0.15551097781539486,
        "freq2": 10.341538964727816
    },
    "территория_NOUN ливия_PROPN": {
        "difference": 65.5924171483516,
        "freq1": 0.18661317337847383,
        "freq2": 12.240409113618517
    },
    "командование_NOUN нато_NOUN": {
        "difference": 65.5611081186865,
        "freq1": 0.15551097781539486,
        "freq2": 10.195472030197761
    },
    "страна_NOUN муамара::каддафи_PROPN": {
        "difference": 64.80969140672448,
        "freq1": 0.15551097781539486,
        "freq2": 10.078618482573718
    },
    "президент_NOUN хосни_PROPN": {
        "difference": 59.29147492825338,
        "freq1": 0.24881756450463177,
        "freq2": 14.752760387535442
    },
    "власть_NOUN ливия_PROPN": {
        "difference": 57.67123264308527,
        "freq1": 0.3110219556307897,
        "freq2": 17.93701956029062
    },
    "противник_NOUN режим_NOUN": {
        "difference": 52.12953439236534,
        "freq1": 0.3110219556307897,
        "freq2": 16.21342973283598
    },
    "североафриканский_ADJ страна_NOUN": {
        "difference": 50.63523979471361,
        "freq1": 0.34212415119386863,
        "freq2": 17.323538435264393
    },
    "япония_PROPN март_NOUN": {
        "difference": 50.63523979471361,
        "freq1": 0.34212415119386863,
        "freq2": 17.323538435264393
    },
    "перекинуться_VERB другой_ADJ": {
        "difference": 50.30317432856877,
        "freq1": 0.2799197600677107,
        "freq2": 14.080852488697195
    },
    "сила_NOUN оппозиция_NOUN": {
        "difference": 49.36390343861624,
        "freq1": 0.2799197600677107,
        "freq2": 13.817932006543098
    },
    "частность_NOUN великобритания_PROPN": {
        "difference": 40.54519341628416,
        "freq1": 0.37322634675694766,
        "freq2": 15.132534417313583
    },
    "возможность_NOUN иностранный_ADJ": {
        "difference": 40.10686700097298,
        "freq1": 0.3110219556307897,
        "freq2": 12.474116208866603
    },
    "операция_NOUN коалиционный_ADJ": {
        "difference": 39.605922526331625,
        "freq1": 0.37322634675694766,
        "freq2": 14.781973774441452
    },
    "радиоактивный_ADJ элемент_NOUN": {
        "difference": 38.97974193302994,
        "freq1": 0.37322634675694766,
        "freq2": 14.548266679193366
    },