{
    "народный_ADJ самообороный_NOUN": {
        "difference": 741.0920459326956,
        "freq1": 0.042756994980243275,
        "freq2": 31.686868887842483
    },
    "британский_ADJ моряк_NOUN": {
        "difference": 394.58389226526634,
        "freq1": 0.042756994980243275,
        "freq2": 16.871221500870845
    },
    "комитет_NOUN прокуратура_NOUN": {
        "difference": 295.71114684707317,
        "freq1": 0.042756994980243275,
        "freq2": 12.64372002134229
    },
    "новость_PROPN евгений_PROPN": {
        "difference": 273.94100106692053,
        "freq1": 0.042756994980243275,
        "freq2": 11.712894007501138
    },
    "госдума_PROPN пятый_ADJ": {
        "difference": 142.86658168225162,
        "freq1": 0.08551398996048655,
        "freq2": 12.217091431665096
    },
    "гражданский_ADJ сила_NOUN": {
        "difference": 102.80346618405405,
        "freq1": 0.12827098494072983,
        "freq2": 13.186701862749626
    },
    "новость_PROPN открытый_ADJ": {
        "difference": 102.04755834446543,
        "freq1": 0.25654196988145966,
        "freq2": 26.179481639282347
    },
    "виктор_PROPN зубков_PROPN": {
        "difference": 101.8963767765477,
        "freq1": 0.12827098494072983,
        "freq2": 13.070348611019483
    },
    "про_NOUN европа_PROPN": {
        "difference": 96.51431295867664,
        "freq1": 0.21378497490121637,
        "freq2": 20.633309973478827
    },
    "элемент_NOUN про_NOUN": {
        "difference": 74.01849565251894,
        "freq1": 0.21378497490121637,
        "freq2": 15.824042235299554
    },
    "размещение_NOUN элемент_NOUN": {
        "difference": 72.95590520372576,
        "freq1": 0.29929896486170293,
        "freq2": 21.835626908023645
    },
    "украина_PROPN народный_ADJ": {
        "difference": 69.92147516194854,
        "freq1": 0.5130839397629193,
        "freq2": 35.875585950127665
    },
    "останки_NOUN советский_ADJ": {
        "difference": 50.11668976472636,
        "freq1": 0.3420559598419462,
        "freq2": 17.142712421574515
    },
    "реактор_NOUN йонбене_PROPN": {
        "difference": 44.598562535729336,
        "freq1": 0.25654196988145966,
        "freq2": 11.44140308679747
    },
    "указ_NOUN роспуск_NOUN": {
        "difference": 43.54029156030525,
        "freq1": 0.5985979297234059,
        "freq2": 26.063128387552204
    },
    "военный_ADJ кладбище_NOUN": {
        "difference": 43.45782888689558,
        "freq1": 0.47032694478267606,
        "freq2": 20.43938788726192
    },
    "про_NOUN польша_PROPN": {
        "difference": 40.17110233242448,
        "freq1": 0.29929896486170293,
        "freq2": 12.023169345448188
    },
    "элемент_NOUN американский_ADJ": {
        "difference": 38.87526032170111,
        "freq1": 0.29929896486170293,
        "freq2": 11.635325173014376
    },
    "вице-премьер_NOUN сергей::иванов_PROPN": {
        "difference": 34.1670343494062,
        "freq1": 0.38481295482218947,
        "freq2": 13.147917445506245
    },
    "оон_PROPN пан_PROPN": {
        "difference": 26.003229681848968,
        "freq1": 0.6413549247036491,
        "freq2": 16.677299414653938
    },
    "американский_ADJ про_NOUN": {
        "difference": 24.700742327480867,
        "freq1": 0.5558409347431625,
        "freq2": 13.729683704156965
    },
    "член_NOUN цик_PROPN": {
        "difference": 22.353274684978143,
        "freq1": 0.5985979297234059,
        "freq2": 13.380623948966534
    },
    "марш_NOUN несогласный_ADJ": {
        "difference": 21.694554996193762,
        "freq1": 0.5130839397629193,
        "freq2": 11.131127748850421
    },
    "выборы_NOUN май_NOUN": {
        "difference": 21.575769478544117,
        "freq1": 0.5985979297234059,
        "freq2": 12.915210942045958
    },
    "выборы_NOUN сентябрь_NOUN": {
        "difference": 21.316601076399444,
        "freq1": 0.5985979297234059,
        "freq2": 12.760073273072432
    },
    "новость_PROPN ирина::байбарз_PROPN": {
        "difference": 19.10935018480064,
        "freq1": 0.6413549247036491,
        "freq2": 12.255875848908477
    },
    "открытый_ADJ источник_NOUN": {
        "difference": 18.201269422750556,
        "freq1": 2.60817669379484,
        "freq2": 47.47212670589866
    },
    "федеральный_ADJ список_NOUN": {
        "difference": 17.839425014291734,
        "freq1": 0.6413549247036491,
        "freq2": 11.44140308679747
    },
    "внеочередной_ADJ выборы_NOUN": {
        "difference": 17.778952387124644,
        "freq1": 0.6413549247036491,
        "freq2": 11.402618669554089
    },
    "чехия_PROPN польша_PROPN": {
        "difference": 17.47658925128919,
        "freq1": 0.6413549247036491,
        "freq2": 11.208696583337183
    },
    "пятый_ADJ созыв_NOUN": {
        "difference": 17.32248158850854,
        "freq1": 1.3254668443875415,
        "freq2": 22.960375008081705
    },
    "демонтировать_VERB памятник_NOUN": {
        "difference": 17.285092598593405,
        "freq1": 0.7696259096443789,
        "freq2": 13.30305511447977
    },
    "франция_PROPN николя_PROPN": {
        "difference": 17.021265940854626,
        "freq1": 0.7268689146641356,
        "freq2": 12.37222910063862
    },
    "николя_PROPN саркози_PROPN": {
        "difference": 16.661800169458918,
        "freq1": 0.8123829046246221,
        "freq2": 13.535761617940057
    },
    "новость_PROPN михаил::тургиев_PROPN": {
        "difference": 16.088901596297006,
        "freq1": 1.6247658092492443,
        "freq2": 26.140697222038966
    },
    "обычный_ADJ вооружать_VERB": {
        "difference": 15.956527304770956,
        "freq1": 0.9406538895653521,
        "freq2": 15.009569473188545
    },
    "агентство_NOUN униан_PROPN": {
        "difference": 15.153728925400358,
        "freq1": 0.7268689146641356,
        "freq2": 11.014774497120277
    },
    "воин_PROPN -освободитель_NOUN": {
        "difference": 14.671185199668074,
        "freq1": 0.9834108845455953,
        "freq2": 14.427803214537827
    },
    "памятник_NOUN воин_PROPN": {
        "difference": 14.58320662837147,
        "freq1": 2.22336373897265,
        "freq2": 32.42377281546673
    },
    "олимпийский_ADJ объект_NOUN": {
        "difference": 13.577080163966157,
        "freq1": 1.3254668443875415,
        "freq2": 17.995969600928905
    },
    "договор_PROPN обычный_ADJ": {
        "difference": 13.292348625381651,
        "freq1": 1.111681869486325,
        "freq2": 14.776862969728258
    },
    "перенос_NOUN памятник_NOUN": {
        "difference": 13.203190264814786,
        "freq1": 0.7696259096443789,
        "freq2": 10.161517317765888
    },
    "холм_NOUN тынисмяга_PROPN": {
        "difference": 13.050383088639883,
        "freq1": 1.3254668443875415,
        "freq2": 17.297850090548042
    },
    "польша_PROPN чехия_PROPN": {
        "difference": 12.255785772530366,
        "freq1": 1.9240647741109476,
        "freq2": 23.580925683975803
    },
    "эстонский_ADJ власть_NOUN": {
        "difference": 12.154998060585216,
        "freq1": 2.35163472391338,
        "freq2": 28.584115508371983
    },
    "юг_NOUN сахалин_PROPN": {
        "difference": 11.705772830201115,
        "freq1": 0.8978968945851087,
        "freq2": 10.51057707295632
    },
    "досрочный_ADJ парламентский_ADJ": {
        "difference": 11.376766213771349,
        "freq1": 4.574998462886031,
        "freq2": 52.04868794061765
    },
    "справедливый_ADJ россия_PROPN": {
        "difference": 10.936772286359059,
        "freq1": 8.252100031186952,
        "freq2": 90.25133892534818
    },
    "сила_NOUN европа_PROPN": {
        "difference": 10.809482106117448,
        "freq1": 1.5392518192887579,
        "freq2": 16.638514997410557
    },
    "информация_NOUN открытый_ADJ": {
        "difference": 10.802610216666642,
        "freq1": 1.8813077791307042,
        "freq2": 20.323034635531776
    },
    "марша_PROPN несогласный_ADJ": {
        "difference": 10.154976537693146,
        "freq1": 1.7530367941899743,