{
    "далее_ADV контактный_PROPN": {
        "difference": 513.0781657819055,
        "freq1": 0.033621731581040405,
        "freq2": 17.250576370011775
    },
    "рф_PROPN охотный_ADJ": {
        "difference": 451.15493887719276,
        "freq1": 0.033621731581040405,
        "freq2": 15.168610256389666
    },
    "сообщать_VERB agence_PROPN": {
        "difference": 437.88567596904,
        "freq1": 0.033621731581040405,
        "freq2": 14.722474660613498
    },
    "угроза_NOUN пандемия_NOUN": {
        "difference": 409.5779150983142,
        "freq1": 0.033621731581040405,
        "freq2": 13.770718722957676
    },
    "саяно-шушенский_ADJ гэс_NOUN": {
        "difference": 360.9239511017542,
        "freq1": 0.13448692632416162,
        "freq2": 48.53955282044693
    },
    "выборы_NOUN мосгордума_PROPN": {
        "difference": 180.4619755508771,
        "freq1": 0.06724346316208081,
        "freq2": 12.134888205111732
    },
    "человек_NOUN грипп_NOUN": {
        "difference": 134.7567366450177,
        "freq1": 0.10086519474312124,
        "freq2": 13.592264484647211
    },
    "машинный_ADJ зал_NOUN": {
        "difference": 66.89920049527,
        "freq1": 0.26897385264832324,
        "freq2": 17.994135696305385
    },
    "заболевание_NOUN грипп_NOUN": {
        "difference": 64.48861773362225,
        "freq1": 0.3362173158104041,
        "freq2": 21.682189954721697
    },
    "контактный_PROPN теловек_NOUN": {
        "difference": 61.27986870310532,
        "freq1": 0.7396780947828889,
        "freq2": 45.32737653085853
    },
    "подтверждать_VERB случай_NOUN": {
        "difference": 54.574096678658904,
        "freq1": 0.4370825105535253,
        "freq2": 23.85338318749904
    },
    "сша_PROPN барак::обама_PROPN": {
        "difference": 44.63916137306764,
        "freq1": 0.4370825105535253,
        "freq2": 19.510996721944355
    },
    "бульвар_NOUN далее_ADV": {
        "difference": 34.921330002725746,
        "freq1": 0.7060563632018486,
        "freq2": 24.656427259896144
    },
    "кд_PROPN авиа_NOUN": {
        "difference": 27.141674130312396,
        "freq1": 0.7396780947828889,
        "freq2": 20.076101809927497
    },
    "контактный_ADJ теловек_NOUN": {
        "difference": 27.01874675964812,
        "freq1": 1.1767606053364144,
        "freq2": 31.794596792314806
    },
    "уровень_NOUN угроза_NOUN": {
        "difference": 26.42794862540418,
        "freq1": 0.5379477052966465,
        "freq2": 14.216854318733843
    },
    "краткий_ADJ изложение_NOUN": {
        "difference": 23.25280357238192,
        "freq1": 0.47070424213456574,
        "freq2": 10.945193283041956
    },
    "вирус_NOUN грипп_NOUN": {
        "difference": 21.746847543916964,
        "freq1": 1.6138431158899398,
        "freq2": 35.09600020105844
    },
    "москва_PROPN государственный_ADJ": {
        "difference": 18.11696695726452,
        "freq1": 0.8405432895260103,
        "freq2": 15.228095002493154
    },
    "транзитный_ADJ газ_NOUN": {
        "difference": 17.7344751883565,
        "freq1": 0.7060563632018486,
        "freq2": 12.52153905478441
    },
    "эпидемия_NOUN грипп_NOUN": {
        "difference": 17.600838386216378,
        "freq1": 0.9750302158501718,
        "freq2": 17.161349250856546
    },
    "черкизовский_ADJ рынок_NOUN": {
        "difference": 16.723483728687718,
        "freq1": 2.118169089605546,
        "freq2": 35.42316630462763
    },
    "далее_ADV телефон_NOUN": {
        "difference": 16.254847062487094,
        "freq1": 2.151790821186586,
        "freq2": 34.977030708851466
    },
    "набль_NOUN далее_ADV": {
        "difference": 15.752996734550544,
        "freq1": 0.8741650211070506,
        "freq2": 13.770718722957676
    },
    "поезд_NOUN невский_ADJ": {
        "difference": 15.075357026206847,
        "freq1": 0.8069215579449699,
        "freq2": 12.164630578163477
    },
    "майкл_NOUN джексон_PROPN": {
        "difference": 14.386674521470852,
        "freq1": 1.2776258000795355,
        "freq2": 18.380786545978065
    },
    "заболевание_NOUN человек_NOUN": {
        "difference": 14.06315043257212,
        "freq1": 1.311247531660576,
        "freq2": 18.440271292081555
    },
    "дмитровка_PROPN далее_ADV": {
        "difference": 13.6231099190368,
        "freq1": 0.8405432895260103,
        "freq2": 11.450813624921611
    },
    "газовый_ADJ конфликт_NOUN": {
        "difference": 13.00908128250267,
        "freq1": 1.143138873755374,
        "freq2": 14.87118652587222
    },
    "появляться_VERB журнал_NOUN": {
        "difference": 12.860977895594182,
        "freq1": 0.8741650211070506,
        "freq2": 11.2426170135594
    },
    "транзит_NOUN российский_ADJ": {
        "difference": 12.849069582727887,
        "freq1": 2.6897385264832328,
        "freq2": 34.560637486127035
    },
    "далее_ADV контактный_ADJ": {
        "difference": 12.745045114250395,
        "freq1": 0.9077867526880911,
        "freq2": 11.569783117128587
    },
    "ильинк_NOUN далее_ADV": {
        "difference": 11.962441561137686,
        "freq1": 1.4793561895657779,
        "freq2": 17.69671196578794
    },
    "второй_ADJ волна_NOUN": {
        "difference": 11.803325291632998,
        "freq1": 1.1767606053364144,
        "freq2": 13.889688215164655
    },
    "дума_PROPN рф_PROPN": {
        "difference": 11.688244348883467,
        "freq1": 1.5802213843088992,
        "freq2": 18.4700136651333
    },
    "аккредитация_PROPN теловек_NOUN": {
        "difference": 11.651676572682682,
        "freq1": 3.530281816009243,
        "freq2": 41.133701930562566
    },
    "тверской_PROPN далее_ADV": {
        "difference": 11.523936435548855,
        "freq1": 1.2440040684984952,
        "freq2": 14.335823810940822
    },
    "июль_NOUN москва_PROPN": {
        "difference": 11.473221261998722,
        "freq1": 1.1095171421743335,
        "freq2": 12.729735666146622
    },
    "невский_ADJ экспресс_NOUN": {
        "difference": 11.426309726464849,
        "freq1": 4.034607789724849,
        "freq2": 46.10067823020389
    },
    "ряд_NOUN далее_ADV": {
        "difference": 11.407605127008912,
        "freq1": 2.2526560159297073,
        "freq2": 25.6974103167072
    },
    "далее_ADV аккредитация_NOUN": {
        "difference": 11.169009682260164,
        "freq1": 5.211368395061264,
        "freq2": 58.20582406226387
    },
    "час_NOUN выступать_VERB": {
        "difference": 10.340873852560403,
        "freq1": 0.9750302158501718,
        "freq2": 10.082664464541367
    },
    "гражданство_NOUN рф_PROPN": {
        "difference": 10.340873852560403,
        "freq1": 0.9750302158501718,
        "freq2": 10.082664464541367
    },
    "начало_NOUN кризис_NOUN": {
        "difference": 10.291050566545115,
        "freq1": 1.0086519474312123,
        "freq2": 10.38008819505881
    },
    "телийский_NOUN состояться_VERB": {
        "difference": 10.277174213177112,
        "freq1": 1.143138873755374,
        "freq2": 11.748237355439056
    },
    "случай_NOUN заболевание_NOUN": {
        "difference": 10.178127798867148,
        "freq1": 5.917424758263111,
        "freq2": 60.228305429782495
    },
    "здравоохранение_NOUN воз_PROPN": {
        "difference": 10.016153291960446,
        "freq1": 2.0845473580245053,
        "freq2": 20.8791458823246
    },
    "телефон_NOUN проходить_VERB": {
        "difference": 9.64406559076198,
        "freq1": 1.714708310633061,
        "freq2": 16.536759416769907
    },
    "пловек_NOUN далее_ADV": {
        "difference": 9.603014712048306,
        "freq1": 3.025955842293637,
        "freq2": 29.05829847155432
    },
    "расчет_NOUN завтра_ADV": {
        "difference": 9.578272535999899,
        "freq1": 1.9500604317003436,
        "freq2": 18.67821027649551
    },
    "далее_ADV аккредитация_PROPN": {
        "difference": 9.454944323085169,
        "freq1": 3.126821037036758,
        "freq2": 29.563918813433975
    },