{
    "ранее_ADV радио_NOUN": {
        "difference": 2454.8172109489633,
        "freq1": 0.030738595266483794,
        "freq2": 75.45763270055875
    },
    "sputnik_PROPN сообщать_VERB": {
        "difference": 1172.1964536711314,
        "freq1": 0.06147719053296759,
        "freq2": 72.06334472440906
    },
    "sputnik_PROPN радио_PROPN": {
        "difference": 866.4060744525754,
        "freq1": 0.12295438106593518,
        "freq2": 106.52842263608295
    },
    "ноябрь_NOUN sputnik_PROPN": {
        "difference": 863.5746820524035,
        "freq1": 0.030738595266483794,
        "freq2": 26.54507263399126
    },
    "слуга_PROPN народ_NOUN": {
        "difference": 768.2511379132858,
        "freq1": 0.06147719053296759,
        "freq2": 47.22992158266423
    },
    "октябрь_NOUN sputnik_PROPN": {
        "difference": 570.9974673679826,
        "freq1": 0.030738595266483794,
        "freq2": 17.551660047611705
    },
    "новость_PROPN присоединяться_VERB": {
        "difference": 567.2222775010869,
        "freq1": 0.030738595266483794,
        "freq2": 17.435616014239066
    },
    "собор_NOUN парижский_ADJ": {
        "difference": 523.8075940317857,
        "freq1": 0.030738595266483794,
        "freq2": 16.101109630453713
    },
    "сентябрь_NOUN sputnik_PROPN": {
        "difference": 466.23594856162555,
        "freq1": 0.030738595266483794,
        "freq2": 14.331438121520964
    },
    "незарегистрировать_ADJ кандидат_NOUN": {
        "difference": 370.9124044225078,
        "freq1": 0.030738595266483794,
        "freq2": 11.40132627886182
    },
    "президентский_ADJ статус_NOUN": {
        "difference": 343.54227788751354,
        "freq1": 0.030738595266483794,
        "freq2": 10.560007036910184
    },
    "владимир::зеленский_PROPN заявлять_VERB": {
        "difference": 335.99189815372205,
        "freq1": 0.030738595266483794,
        "freq2": 10.327918970164905
    },
    "временный_ADJ президент_NOUN": {
        "difference": 238.46615992558174,
        "freq1": 0.09221578579945139,
        "freq2": 21.990344324115163
    },
    "венесуэла_PROPN хуан_PROPN": {
        "difference": 237.3650628810705,
        "freq1": 0.06147719053296759,
        "freq2": 14.592537196609403
    },
    "венесуэла_PROPN январь_NOUN": {
        "difference": 230.7584806140029,
        "freq1": 0.06147719053296759,
        "freq2": 14.186383079805164
    },
    "telegram-канал_NOUN москва_NOUN": {
        "difference": 229.9090628939514,
        "freq1": 0.15369297633241896,
        "freq2": 35.335408161968694
    },
    "жизнь_NOUN виктор::медведчук_PROPN": {
        "difference": 223.20810088021142,
        "freq1": 0.06147719053296759,
        "freq2": 13.722206946314607
    },
    "онлайн_NOUN репортаж_NOUN": {
        "difference": 191.59088574495945,
        "freq1": 0.06147719053296759,
        "freq2": 11.778469387322897
    },
    "временный_ADJ глава_NOUN": {
        "difference": 186.87189841133977,
        "freq1": 0.09221578579945139,
        "freq2": 17.232538955836947
    },
    "зеленский_PROPN заявлять_VERB": {
        "difference": 173.02953556605533,
        "freq1": 0.09221578579945139,
        "freq2": 15.956054588737915
    },
    "запад_PROPN глава_NOUN": {
        "difference": 167.99594907686102,
        "freq1": 0.06147719053296759,
        "freq2": 10.327918970164905
    },
    "парижский_ADJ богоматерь_PROPN": {
        "difference": 157.61417694289767,
        "freq1": 0.09221578579945139,
        "freq2": 14.534515179923082
    },
    "тут_ADV москва_NOUN": {
        "difference": 140.31122338629214,
        "freq1": 0.09221578579945139,
        "freq2": 12.93890972104929
    },
    "легитимный_ADJ президент_NOUN": {
        "difference": 134.7742782481784,
        "freq1": 0.15369297633241896,
        "freq2": 20.71385995701613
    },
    "baring_PROPN vostok_PROPN": {
        "difference": 125.00073114832603,
        "freq1": 0.27664735739835417,
        "freq2": 34.58112194504653
    },
    "важный_ADJ интересный_ADJ": {
        "difference": 122.22177194074999,
        "freq1": 0.18443157159890278,
        "freq2": 22.541553482635198
    },
    "парламент_NOUN венесуэла_PROPN": {
        "difference": 117.97468334049228,
        "freq1": 0.09221578579945139,
        "freq2": 10.879128128684942
    },
    "цик_PROPN украина_PROPN": {
        "difference": 91.07645553886005,
        "freq1": 0.12295438106593518,
        "freq2": 11.1982492204597
    },
    "китовый_ADJ тюрьма_NOUN": {
        "difference": 88.24506313868822,
        "freq1": 0.12295438106593518,
        "freq2": 10.850117120341782
    },
    "акция_NOUN июль_NOUN": {
        "difference": 87.77316440532627,
        "freq1": 0.15369297633241896,
        "freq2": 13.490118879569328
    },
    "государственный_ADJ бюро_NOUN": {
        "difference": 87.53721503864529,
        "freq1": 0.12295438106593518,
        "freq2": 10.763084095312303
    },
    "оппозиционный_ADJ парламент_NOUN": {
        "difference": 84.46987327179247,
        "freq1": 0.18443157159890278,
        "freq2": 15.578911480276837
    },
    "европейский_ADJ солидарность_NOUN": {
        "difference": 80.69468340489672,
        "freq1": 0.24590876213187035,
        "freq2": 19.843529706721334
    },
    "пропускать_VERB важный_ADJ": {
        "difference": 80.32765105672631,
        "freq1": 0.27664735739835417,
        "freq2": 22.222432390860444
    },
    "выборы_NOUN мосгордума_PROPN": {
        "difference": 76.15719558410856,
        "freq1": 0.3996017384642893,
        "freq2": 30.432547751974678
    },
    "называть_VERB президентский_ADJ": {
        "difference": 67.95341760412356,
        "freq1": 0.15369297633241896,
        "freq2": 10.443963003537544
    },
    "государство_NOUN период_NOUN": {
        "difference": 63.36925848003585,
        "freq1": 0.21517016686538656,
        "freq2": 13.635173921285126
    },
    "саммит_NOUN нормандский_ADJ": {
        "difference": 62.84118132603555,
        "freq1": 0.36886314319780555,
        "freq2": 23.179795666184717
    },
    "яндексяча_NOUN дзен_ADJ": {
        "difference": 54.04364065407313,
        "freq1": 1.2910210011923193,
        "freq2": 69.77147506529943
    },
    "нефтепровод_NOUN дружба_PROPN": {
        "difference": 53.69158921807293,
        "freq1": 0.27664735739835417,
        "freq2": 14.853636271697841
    },
    "издание_NOUN рбк_PROPN": {
        "difference": 48.80781185058081,
        "freq1": 0.21517016686538656,
        "freq2": 10.501985020223865
    },
    "банк_NOUN восточный_ADJ": {
        "difference": 46.75427450540125,
        "freq1": 0.3996017384642893,
        "freq2": 18.68308937299494
    },
    "ассамблея_NOUN православие_NOUN": {
        "difference": 46.560675025047615,
        "freq1": 0.36886314319780555,
        "freq2": 17.174516939150628
    },
    "вадим_PROPN пристайко_PROPN": {
        "difference": 44.83037966938707,
        "freq1": 0.24590876213187035,
        "freq2": 11.024183170400741
    },
    "действие_NOUN временный_ADJ": {
        "difference": 44.26410118935271,
        "freq1": 0.3073859526648379,
        "freq2": 13.606162912941969
    },
    "москва_NOUN ноябрь_NOUN": {
        "difference": 43.27311384929257,
        "freq1": 0.6147719053296758,
        "freq2": 26.603094650677576
    },
    "платформа_NOUN жизнь_NOUN": {
        "difference": 39.307889087069974,
        "freq1": 1.1373280248599003,
        "freq2": 44.70596385680932
    },
    "оппозиционный_ADJ платформа_NOUN": {
        "difference": 38.81669581090249,
        "freq1": 1.1988052153928679,
        "freq2": 46.53365738242839
    },
    "приведение_NOUN присяга_NOUN": {
        "difference": 35.486784748820085,
        "freq1": 0.3073859526648379,
        "freq2": 10.908139137028103
    },
    "выборы_NOUN верховный_ADJ": {
        "difference": 32.14463136665649,
        "freq1": 0.5225561195302244,
        "freq2": 16.79737383068955
    },