{
    "публикация_NOUN ъ_PROPN": {
        "difference": 1125.621335493608,
        "freq1": 0.05315022443213769,
        "freq2": 59.827026607087824
    },
    "быть_VERB паблик_NOUN": {
        "difference": 637.5200484211587,
        "freq1": 0.026575112216068845,
        "freq2": 16.942166826785936
    },
    "обещать_VERB всегда_ADV": {
        "difference": 636.4714957099396,
        "freq1": 0.026575112216068845,
        "freq2": 16.914301420820827
    },
    "где_ADV краткий_ADJ": {
        "difference": 631.2287321538446,
        "freq1": 0.026575112216068845,
        "freq2": 16.774974390995283
    },
    "слово_NOUN twitter_PROPN": {
        "difference": 605.0149143733694,
        "freq1": 0.026575112216068845,
        "freq2": 16.078339241867575
    },
    "полезный_ADJ еще_ADV": {
        "difference": 596.6264926836172,
        "freq1": 0.026575112216068845,
        "freq2": 15.855415994146705
    },
    "петербургский_ADJ метро_NOUN": {
        "difference": 536.8589881441335,
        "freq1": 0.026575112216068845,
        "freq2": 14.267087854135521
    },
    "деэскалация_NOUN сирия_PROPN": {
        "difference": 471.8487200485549,
        "freq1": 0.026575112216068845,
        "freq2": 12.5394326842988
    },
    "сша_PROPN дональд::трамп_PROPN": {
        "difference": 464.1593334996156,
        "freq1": 0.15945067329641305,
        "freq2": 74.01051824332804
    },
    "площадь_NOUN технологический_ADJ": {
        "difference": 402.64424110810023,
        "freq1": 0.026575112216068845,
        "freq2": 10.700315890601644
    },
    "читать_VERB публикация_NOUN": {
        "difference": 373.54690337177266,
        "freq1": 0.10630044886427538,
        "freq2": 39.70820350027954
    },
    "программа_NOUN реновация_NOUN": {
        "difference": 335.11744650559586,
        "freq1": 0.13287556108034423,
        "freq2": 44.5289187322433
    },
    "предпочитать_VERB отечественный_ADJ": {
        "difference": 316.13864243253175,
        "freq1": 0.05315022443213769,
        "freq2": 16.80283979696039
    },
    "паблик_NOUN фейсбук_PROPN": {
        "difference": 315.6143660769223,
        "freq1": 0.05315022443213769,
        "freq2": 16.774974390995283
    },
    "сша_PROPN рекс_PROPN": {
        "difference": 314.56581336570326,
        "freq1": 0.13287556108034423,
        "freq2": 41.79810894766267
    },
    "трамп_PROPN подписывать_VERB": {
        "difference": 214.95330579989724,
        "freq1": 0.05315022443213769,
        "freq2": 11.424816445694463
    },
    "всегда_ADV курс_NOUN": {
        "difference": 212.85620037745926,
        "freq1": 0.07972533664820652,
        "freq2": 16.970032232751045
    },
    "паблик_NOUN вконтакт_PROPN": {
        "difference": 209.53578345859907,
        "freq1": 0.15945067329641305,
        "freq2": 33.41062175216503
    },
    "фейсбук_PROPN присоединяться_VERB": {
        "difference": 159.38001210528967,
        "freq1": 0.10630044886427538,
        "freq2": 16.942166826785936
    },
    "рекс_PROPN тиллерсон_PROPN": {
        "difference": 144.41430522698198,
        "freq1": 0.29232623437675725,
        "freq2": 42.216090037139296
    },
    "метро_NOUN санкт-петербург_PROPN": {
        "difference": 142.8653069035902,
        "freq1": 0.10630044886427538,
        "freq2": 15.1866462509841
    },
    "иерусалим_PROPN столица_NOUN": {
        "difference": 133.42833250261913,
        "freq1": 0.10630044886427538,
        "freq2": 14.183491636240197
    },
    "вконтакт_PROPN быть_VERB": {
        "difference": 126.4554569730127,
        "freq1": 0.13287556108034423,
        "freq2": 16.80283979696039
    },
    "вконтакт_PROPN фейсбук_PROPN": {
        "difference": 104.3309947662916,
        "freq1": 0.3189013465928261,
        "freq2": 33.27129472233948
    },
    "учение_NOUN запад_PROPN": {
        "difference": 103.10768326986943,
        "freq1": 0.15945067329641305,
        "freq2": 16.440589519413983
    },
    "реинтеграция_NOUN донбасс_PROPN": {
        "difference": 94.10760583190624,
        "freq1": 0.10630044886427538,
        "freq2": 10.003680741473932
    },
    "столица_NOUN израиль_PROPN": {
        "difference": 92.0978798020698,
        "freq1": 0.15945067329641305,
        "freq2": 14.68506894361215
    },
    "хотеть_VERB всегда_ADV": {
        "difference": 91.52367236497368,
        "freq1": 0.1860257855124819,
        "freq2": 17.02576304468126
    },
    "госсекретарь_NOUN рекс::тиллерсон_PROPN": {
        "difference": 78.85116388366963,
        "freq1": 0.13287556108034423,
        "freq2": 10.477392642880776
    },
    "сенной_ADJ площадь_NOUN": {
        "difference": 65.79668262899293,
        "freq1": 0.21260089772855076,
        "freq2": 13.988433794484438
    },
    "спорт_NOUN будапешт_PROPN": {
        "difference": 61.265436984082214,
        "freq1": 0.1860257855124819,
        "freq2": 11.396951039729354
    },
    "twitter_PROPN где_ADV": {
        "difference": 58.814274802011795,
        "freq1": 0.29232623437675725,
        "freq2": 17.19295548047191
    },
    "курс_NOUN последний_ADJ": {
        "difference": 58.814274802011795,
        "freq1": 0.29232623437675725,
        "freq2": 17.19295548047191
    },
    "организация_NOUN запрещенный_VERB": {
        "difference": 55.8728801835273,
        "freq1": 0.3720515710249638,
        "freq2": 20.7875928499709
    },
    "организация_NOUN запрещять_VERB": {
        "difference": 51.49558870653365,
        "freq1": 0.4783520198892392,
        "freq2": 24.633018873155866
    },
    "подробно_ADV материал_NOUN": {
        "difference": 48.7908831195074,
        "freq1": 2.0994338650694386,
        "freq2": 102.43323232773865
    },
    "учредительный_ADJ собрание_NOUN": {
        "difference": 43.63592436688345,
        "freq1": 0.345476458808895,
        "freq2": 15.075184627123667
    },
    "исаакиевский_ADJ собор_NOUN": {
        "difference": 42.54704270523294,
        "freq1": 0.69095291761779,
        "freq2": 29.398003293189408
    },
    "вим_VERB авиа_PROPN": {
        "difference": 41.396861038926545,
        "freq1": 0.6643778054017211,
        "freq2": 27.50315568756203
    },
    "sputnik_PROPN также_ADV": {
        "difference": 36.23332146545693,
        "freq1": 0.4783520198892392,
        "freq2": 17.332282510297453
    },
    "декабрь_NOUN 2016-й_ADJ": {
        "difference": 27.541984548019354,
        "freq1": 0.3986266832410327,
        "freq2": 10.978969950252727
    },
    "блокада_NOUN донбасс_PROPN": {
        "difference": 25.827508886868266,
        "freq1": 0.504927132105308,
        "freq2": 13.04100999167075
    },
    "перегон_NOUN станция_NOUN": {
        "difference": 23.01297266201724,
        "freq1": 0.504927132105308,
        "freq2": 11.619874287450221
    },
    "переговоры_NOUN астана_PROPN": {
        "difference": 20.08806246756421,
        "freq1": 1.009854264210616,
        "freq2": 20.28601554259895
    },
    "россия_PROPN развитие_PROPN": {
        "difference": 18.780744116500507,
        "freq1": 1.1958800497230981,
        "freq2": 22.459517207877408
    },
    "канал_NOUN радио_NOUN": {
        "difference": 18.543324073179445,
        "freq1": 2.9498374559836416,
        "freq2": 54.69979190950787
    },
    "sputnik_PROPN telegram_PROPN": {
        "difference": 18.533877652357653,
        "freq1": 2.9498374559836416,
        "freq2": 54.671926503542764
    },
    "важный_ADJ новость_NOUN": {
        "difference": 18.025120416669665,
        "freq1": 0.5580773565374457,
        "freq2": 10.059411553404148
    },
    "сергей_PROPN кисляк_PROPN": {
        "difference": 16.198331538831617,
        "freq1": 0.7706782542659965,
        "freq2": 12.483701872368583
    },
    "российский_ADJ вмешательство_NOUN": {
        "difference": 15.578497423825308,
        "freq1": 1.1161547130748914,
        "freq2": 17.38801332222767
    },
    "йемен_PROPN ливия_PROPN": {
        "difference": 14.483134323712589,