{
    "отвод_NOUN войска_NOUN": {
        "difference": 344.15438947844217,
        "freq1": 0.038784417243381254,
        "freq2": 13.347827437673041
    },
    "смс_NOUN москва_NOUN": {
        "difference": 314.680210026888,
        "freq1": 0.038784417243381254,
        "freq2": 12.204688563917669
    },
    "дом_NOUN метро_NOUN": {
        "difference": 306.87822134853536,
        "freq1": 0.038784417243381254,
        "freq2": 11.902092979688305
    },
    "iphone_PROPN 3g_PROPN": {
        "difference": 288.673581099046,
        "freq1": 0.038784417243381254,
        "freq2": 11.196036616486456
    },
    "прокуратура_NOUN скп_PROPN": {
        "difference": 194.6162731433508,
        "freq1": 0.07756883448676251,
        "freq2": 15.096157479887143
    },
    "данные_NOUN югоосетинский_ADJ": {
        "difference": 138.26857713302655,
        "freq1": 0.07756883448676251,
        "freq2": 10.725332374351892
    },
    "осетия_PROPN обстрелять_VERB": {
        "difference": 131.76691990106605,
        "freq1": 0.07756883448676251,
        "freq2": 10.221006400636284
    },
    "москва_NOUN апрель_NOUN": {
        "difference": 129.59970082374588,
        "freq1": 0.07756883448676251,
        "freq2": 10.052897742731082
    },
    "редакционный_ADJ удостоверение_NOUN": {
        "difference": 114.42916728250471,
        "freq1": 0.11635325173014377,
        "freq2": 13.314205706092002
    },
    "управление_NOUN скп::рф_PROPN": {
        "difference": 114.14020473886201,
        "freq1": 0.11635325173014377,
        "freq2": 13.28058397451096
    },
    "подготавливать_VERB редакция_NOUN": {
        "difference": 111.53954184607784,
        "freq1": 0.11635325173014377,
        "freq2": 12.977988390281599
    },
    "жертва_NOUN вооружать_ADJ": {
        "difference": 106.33821606050942,
        "freq1": 0.11635325173014377,
        "freq2": 12.37279722182287
    },
    "август_NOUN боевой_ADJ": {
        "difference": 102.2927404495118,
        "freq1": 0.11635325173014377,
        "freq2": 11.902092979688305
    },
    "независимость_NOUN южный_ADJ": {
        "difference": 96.76633180234539,
        "freq1": 0.31027533794705003,
        "freq2": 30.02420630186909
    },
    "действие_NOUN южный_ADJ": {
        "difference": 96.36900830483667,
        "freq1": 0.23270650346028754,
        "freq2": 22.42569496455395
    },
    "войска_NOUN ночь_NOUN": {
        "difference": 94.77971431480188,
        "freq1": 0.11635325173014377,
        "freq2": 11.027927958581254
    },
    "грузия_PROPN мир_NOUN": {
        "difference": 84.00141143692962,
        "freq1": 0.38784417243381253,
        "freq2": 32.57945790202816
    },
    "источник_NOUN справка_NOUN": {
        "difference": 80.62054967631015,
        "freq1": 0.15513766897352502,
        "freq2": 12.507284148147033
    },
    "аккредитация_NOUN теловек_NOUN": {
        "difference": 77.44196169624055,
        "freq1": 0.23270650346028754,
        "freq2": 18.02124812743766
    },
    "югоосетинский_ADJ власть_NOUN": {
        "difference": 73.25200481342158,
        "freq1": 0.15513766897352502,
        "freq2": 11.364145274391658
    },
    "президент_NOUN рф::дмитрий::медведев_PROPN": {
        "difference": 70.65134192063739,
        "freq1": 0.15513766897352502,
        "freq2": 10.960684495419175
    },
    "результат_PROPN матч_NOUN": {
        "difference": 69.82385827293332,
        "freq1": 0.4266285896771938,
        "freq2": 29.788854180801806
    },
    "премьер-министр_NOUN владимир::путин_PROPN": {
        "difference": 67.61723521238916,
        "freq1": 0.27149092070366876,
        "freq2": 18.357465443248064
    },
    "защита_NOUN житель_NOUN": {
        "difference": 66.31690376599705,
        "freq1": 0.15513766897352502,
        "freq2": 10.288249863798365
    },
    "последствие_NOUN мировой_ADJ": {
        "difference": 65.5367048981618,
        "freq1": 0.19392208621690626,
        "freq2": 12.709014537633275
    },
    "трансляция_NOUN игра_NOUN": {
        "difference": 63.64400023730218,
        "freq1": 0.4654130069205751,
        "freq2": 29.620745522896602
    },
    "новость_PROPN вход_NOUN": {
        "difference": 62.76266447919199,
        "freq1": 0.19392208621690626,
        "freq2": 12.17106683233663
    },
    "адрес_NOUN зубовский_ADJ": {
        "difference": 62.06915437444953,
        "freq1": 0.19392208621690626,
        "freq2": 12.036579906012467
    },
    "грузинский_ADJ войска_NOUN": {
        "difference": 58.41171417920064,
        "freq1": 0.8144727621110064,
        "freq2": 47.57475018717218
    },
    "событие_NOUN южный_ADJ": {
        "difference": 56.86782858888113,
        "freq1": 0.19392208621690626,
        "freq2": 11.027927958581254
    },
    "подготавливать_VERB основа_NOUN": {
        "difference": 56.69445106269552,
        "freq1": 0.38784417243381253,
        "freq2": 21.988612454000428
    },
    "президент_NOUN дмитрий::медведев_PROPN": {
        "difference": 56.23933505645828,
        "freq1": 0.31027533794705003,
        "freq2": 17.44967869055997
    },
    "сша_PROPN барак_PROPN": {
        "difference": 50.604565455425856,
        "freq1": 0.31027533794705003,
        "freq2": 15.701348648345872
    },
    "операция_NOUN южный_ADJ": {
        "difference": 47.678819701043636,
        "freq1": 0.27149092070366876,
        "freq2": 12.944366658700558
    },
    "действие_NOUN членство_NOUN": {
        "difference": 45.51160062372347,
        "freq1": 0.38784417243381253,
        "freq2": 17.651409080046214
    },
    "роберт_PROPN дадли_VERB": {
        "difference": 45.325838988524595,
        "freq1": 0.27149092070366876,
        "freq2": 12.305553758660789
    },
    "независимость_NOUN тибет_PROPN": {
        "difference": 43.19990027458195,
        "freq1": 0.23270650346028754,
        "freq2": 10.052897742731082
    },
    "глобальный_ADJ финансовый_ADJ": {
        "difference": 42.18853137183254,
        "freq1": 0.4654130069205751,
        "freq2": 19.635091243327597
    },
    "россия_PROPN дмитрий::медведев_PROPN": {
        "difference": 41.9652421335632,
        "freq1": 0.8532571793543876,
        "freq2": 35.80714413380804
    },
    "бивалютный_ADJ корзина_NOUN": {
        "difference": 41.437228758361556,
        "freq1": 0.38784417243381253,
        "freq2": 16.071187695737315
    },
    "лиссабонский_ADJ договор_NOUN": {
        "difference": 37.34840876581751,
        "freq1": 0.4654130069205751,
        "freq2": 17.38243522739789
    },
    "энциклопедия_NOUN подробно_ADV": {
        "difference": 37.16417786179652,
        "freq1": 8.105943203866682,
        "freq2": 301.2507149661221
    },
    "подробно_ADV спорт_NOUN": {
        "difference": 37.16417786179652,
        "freq1": 8.105943203866682,
        "freq2": 301.2507149661221
    },
    "спорт_NOUN olimpizm.ru_NOUN": {
        "difference": 37.15588228638094,
        "freq1": 8.105943203866682,
        "freq2": 301.18347150296
    },
    "олимпийский_ADJ энциклопедия_NOUN": {
        "difference": 36.9830775499264,
        "freq1": 8.144727621110064,
        "freq2": 301.21709323454104
    },
    "вооружать_ADJ конфликт_NOUN": {
        "difference": 35.54239286805071,
        "freq1": 0.38784417243381253,
        "freq2": 13.784909948226568
    },
    "конфликт_NOUN поддерживать_VERB": {
        "difference": 35.4340319141847,
        "freq1": 0.31027533794705003,
        "freq2": 10.994306227000214
    },
    "город_NOUN цхинвали_PROPN": {
        "difference": 34.447376913194205,
        "freq1": 0.7369039276242438,
        "freq2": 25.38440734368551
    },
    "вводить_VERB регион_NOUN": {
        "difference": 33.916978560060585,
        "freq1": 0.31027533794705003,
        "freq2": 10.523601984865648
    },
    "завершение_NOUN операция_NOUN": {
        "difference": 31.64139852887442,
        "freq1": 0.5429818414073375,
        "freq2": 17.18070483791165
    },