{
    "pussy_PROPN": {
        "difference": 1440.3434190880678,
        "freq1": 0.05842677210517765,
        "freq2": 84.15461670025093
    },
    "лант_PROPN": {
        "difference": 882.6218368045464,
        "freq1": 0.029213386052588827,
        "freq2": 25.784372457016268
    },
    "крымск_PROPN": {
        "difference": 733.4507948364986,
        "freq1": 0.08764015815776648,
        "freq2": 64.27974366041028
    },
    "развозжаев_PROPN": {
        "difference": 655.5256236591604,
        "freq1": 0.029213386052588827,
        "freq2": 19.150123111319107
    },
    "мурси_PROPN": {
        "difference": 242.12463901530123,
        "freq1": 0.1168535442103553,
        "freq2": 28.29312220959082
    },
    "riot_PROPN": {
        "difference": 207.05831198549896,
        "freq1": 0.4089874047362436,
        "freq2": 84.68424164801667
    },
    "кофи::аннан_PROPN": {
        "difference": 156.24791975864267,
        "freq1": 0.1168535442103553,
        "freq2": 18.258123199292598
    },
    "ргтэу_PROPN": {
        "difference": 138.67499850334494,
        "freq1": 0.08764015815776648,
        "freq2": 12.15349880136118
    },
    "надежда::перепечко_PROPN": {
        "difference": 135.49437927161688,
        "freq1": 0.08764015815776648,
        "freq2": 11.874748828852898
    },
    "панк-группа_NOUN": {
        "difference": 121.18159272884041,
        "freq1": 0.2044937023681218,
        "freq2": 24.780872555986445
    },
    "елена::дьячкова_PROPN": {
        "difference": 110.20845637937852,
        "freq1": 0.17528031631553295,
        "freq2": 19.31737309482408
    },
    "надежда::толоконников_PROPN": {
        "difference": 104.00624887750871,
        "freq1": 0.1168535442103553,
        "freq2": 12.15349880136118
    },
    "анатомия_PROPN": {
        "difference": 93.98729829756522,
        "freq1": 0.17528031631553295,
        "freq2": 16.474123375239582
    },
    "бурановский_ADJ": {
        "difference": 93.03311252804679,
        "freq1": 0.1168535442103553,
        "freq2": 10.871248927823075
    },
    "аннан_PROPN": {
        "difference": 84.11514552831684,
        "freq1": 0.3797740186836548,
        "freq2": 31.94474684944934
    },
    "сэнди_PROPN": {
        "difference": 72.67714944498698,
        "freq1": 0.17528031631553295,
        "freq2": 12.738873743628577
    },
    "вероника::гибадиев_PROPN": {
        "difference": 44.25036506141712,
        "freq1": 0.2337070884207106,
        "freq2": 10.341623980057335
    },
    "артем::кузнецов_PROPN": {
        "difference": 42.24440634140679,
        "freq1": 0.3213472465784771,
        "freq2": 13.575123661153429
    },
    "паводок_PROPN": {
        "difference": 34.52417602439405,
        "freq1": 0.3213472465784771,
        "freq2": 11.094248905829701
    },
    "шеин_PROPN": {
        "difference": 33.462307848284205,
        "freq1": 0.847188195525076,
        "freq2": 28.34887220409248
    },
    "ливанов_PROPN": {
        "difference": 33.32310302779742,
        "freq1": 0.3797740186836548,
        "freq2": 12.655248751876092
    },
    "оборонсервис_PROPN": {
        "difference": 31.20187466325261,
        "freq1": 0.5842677210517766,
        "freq2": 18.23024820204177
    },
    "марша_PROPN": {
        "difference": 28.02292944164648,
        "freq1": 0.5550543349991878,
        "freq2": 15.554248465962246
    },
    "эмери_VERB": {
        "difference": 26.350207019778136,
        "freq1": 0.3797740186836548,
        "freq2": 10.007124013047394
    },
    "costa_PROPN": {
        "difference": 25.12689193065195,
        "freq1": 1.0516818978931979,
        "freq2": 26.42549739378532
    },
    "спецпосланник_NOUN": {
        "difference": 15.44700736314739,
        "freq1": 1.5483094607872079,
        "freq2": 23.916747641210765
    },
    "капелло_PROPN": {
        "difference": 14.885298004487485,
        "freq1": 1.022468511840609,
        "freq2": 15.219748498952304
    },
    "пучков_PROPN": {
        "difference": 13.881863937187461,
        "freq1": 0.9056149676302536,
        "freq2": 12.571623760123607
    },
    "паралимпиада_PROPN": {
        "difference": 12.613870416560689,
        "freq1": 1.197748828156142,
        "freq2": 15.108248509948991
    },
    "ммвб-ртс_PROPN": {
        "difference": 12.114751466564332,
        "freq1": 1.6359496189449745,
        "freq2": 19.81912304533899
    },
    "вояж_NOUN": {
        "difference": 12.006837599773556,
        "freq1": 1.0516818978931979,
        "freq2": 12.627373754625262
    },
    "ромни_PROPN": {
        "difference": 11.91717120653867,
        "freq1": 4.119087433415024,
        "freq2": 49.0878701587088
    },
    "затапливать_VERB": {
        "difference": 11.500449537880005,
        "freq1": 1.1101086699983755,
        "freq2": 12.766748740879406
    },
    "удар_PROPN": {
        "difference": 11.014030025298434,
        "freq1": 1.022468511840609,
        "freq2": 11.261498889334673
    },
    "тулуза_PROPN": {
        "difference": 10.589134759289877,
        "freq1": 1.197748828156142,
        "freq2": 12.683123749126919
    },
    "олланд_PROPN": {
        "difference": 10.092349485291072,
        "freq1": 2.2786441121019285,
        "freq2": 22.99687273193343
    },
    "алеппо_PROPN": {
        "difference": 9.89765577873353,
        "freq1": 1.7235897771027409,
        "freq2": 17.05949831750698
    },
    "толстой_ADJ": {
        "difference": 9.163784088393964,
        "freq1": 1.5483094607872079,
        "freq2": 14.188373600671653
    },
    "малкин_PROPN": {
        "difference": 9.130248147548883,
        "freq1": 1.4898826886820302,
        "freq2": 13.602998658404257
    },
    "фабио::капелло_PROPN": {
        "difference": 9.076401222248466,
        "freq1": 1.197748828156142,
        "freq2": 10.871248927823075
    },
    "мединский_PROPN": {
        "difference": 7.951548079320237,
        "freq1": 1.3146023723664972,
        "freq2": 10.453123969060648
    },
    "сергей::шойгу_PROPN": {
        "difference": 7.9061106617241235,
        "freq1": 2.044937023681218,
        "freq2": 16.167498405480472
    },
    "гомосексуализм_NOUN": {
        "difference": 7.749145037301176,
        "freq1": 1.9280834794708628,
        "freq2": 14.94099852644402
    },
    "гудков_PROPN": {
        "difference": 7.488713142841183,
        "freq1": 4.23594097762538,
        "freq2": 31.72174687144271
    },
    "2012_NOUN": {
        "difference": 7.145843305877569,
        "freq1": 11.889848123403652,
        "freq2": 84.96299162052496
    },
    "александр::владимиров_PROPN": {
        "difference": 7.082994366040642,
        "freq1": 1.5190960747346192,
        "freq2": 10.759748938819762
    },
    "энергоснабжение_PROPN": {
        "difference": 6.790622059739483,
        "freq1": 1.7528031631553296,
        "freq2": 11.902623826103724
    },
    "доверенный_ADJ": {
        "difference": 6.552724723325534,
        "freq1": 2.862911833153705,
        "freq2": 18.75987314980751
    },
    "сергей::удалец_PROPN": {
        "difference": 6.550356363721104,
        "freq1": 4.323581135783146,
        "freq2": 28.32099720684165
    },
    "донбасс_PROPN": {
        "difference": 6.412689656910614,
        "freq1": 1.9865102515760404,
        "freq2": 12.738873743628577
    },
    "спч_PROPN": {
        "difference": 6.4109356389519405,
        "freq1": 1.869656707365685,
        "freq2": 11.98624881785621
    },
    "нко_PROPN": {
        "difference": 6.246736171113979,
        "freq1": 4.382007907888323,
        "freq2": 27.373247300313484
    },
    "томск_NOUN": {
        "difference": 6.186125719237452,
        "freq1": 7.7999740760412175,
        "freq2": 48.25162024118396
    },
    "днепропетровск_PROPN": {
        "difference": 6.047853921506509,
        "freq1": 1.9865102515760404,
        "freq2": 12.01412381510704
    },
    "белоусов_PROPN": {
        "difference": 5.859823196336701,
        "freq1": 2.4831378144700507,
        "freq2": 14.550748564932423
    },