{
    "листвяжный_ADJ": {
        "difference": 956.9134311797861,
        "freq1": 0.026731963229329157,
        "freq2": 25.58017465594924
    },
    "панджшер_PROPN": {
        "difference": 913.3733862828292,
        "freq1": 0.026731963229329157,
        "freq2": 24.416263776760445
    },
    "ковивак_PROPN": {
        "difference": 408.79264375476197,
        "freq1": 0.053463926458658315,
        "freq2": 21.8556598425451
    },
    "блинкен_PROPN": {
        "difference": 173.5796456558682,
        "freq1": 0.26731963229329153,
        "freq2": 46.401247050326525
    },
    "ив_VERB": {
        "difference": 152.71267599043773,
        "freq1": 0.16039177937597493,
        "freq2": 24.49385783537303
    },
    "роше_ADV": {
        "difference": 99.9347697158725,
        "freq1": 0.3742474852106082,
        "freq2": 37.40033625126653
    },
    "ревакцинация_NOUN": {
        "difference": 97.60226731067839,
        "freq1": 0.21385570583463326,
        "freq2": 20.872801766785678
    },
    "псаки_NOUN": {
        "difference": 90.46653773034377,
        "freq1": 0.21385570583463326,
        "freq2": 19.34678528073815
    },
    "ема_PROPN": {
        "difference": 87.85413503652637,
        "freq1": 0.13365981614664577,
        "freq2": 11.742567536704705
    },
    "галявиев_PROPN": {
        "difference": 85.46749553847096,
        "freq1": 0.16039177937597493,
        "freq2": 13.708283688223556
    },
    "протасевич_PROPN": {
        "difference": 73.8757885964053,
        "freq1": 0.45444337489859565,
        "freq2": 33.57236269304561
    },
    "непривитый_ADJ": {
        "difference": 65.40682300076193,
        "freq1": 0.26731963229329153,
        "freq2": 17.484527874036083
    },
    "джейк::салливан_PROPN": {
        "difference": 62.89117596227109,
        "freq1": 0.16039177937597493,
        "freq2": 10.087227619636202
    },
    "энтони::блинкен_PROPN": {
        "difference": 62.47650886801434,
        "freq1": 0.1871237426053041,
        "freq2": 11.690838164296315
    },
    "кабульский_ADJ": {
        "difference": 56.532947183667844,
        "freq1": 0.1871237426053041,
        "freq2": 10.578656657515912
    },
    "дельта_NOUN": {
        "difference": 49.998484890005514,
        "freq1": 1.0692785291731661,
        "freq2": 53.462306384071866
    },
    "джен_PROPN": {
        "difference": 48.937991983597165,
        "freq1": 0.507907301357254,
        "freq2": 24.85596344223177
    },
    "однокомпонентный_ADJ": {
        "difference": 47.65216024833616,
        "freq1": 0.21385570583463326,
        "freq2": 10.190686364452983
    },
    "кирби_PROPN": {
        "difference": 43.217526045868325,
        "freq1": 0.2405876690639624,
        "freq2": 10.397603854086544
    },
    "пмэф_PROPN": {
        "difference": 39.89310096541693,
        "freq1": 0.695031043962558,
        "freq2": 27.726943610897457
    },
    "ryanair_PROPN": {
        "difference": 36.971824448826226,
        "freq1": 1.390062087925116,
        "freq2": 51.393131487736234
    },
    "роман::протасевич_PROPN": {
        "difference": 36.89335205278377,
        "freq1": 0.6148351542745706,
        "freq2": 22.683329801079353
    },
    "ив_PROPN": {
        "difference": 26.54470370046358,
        "freq1": 0.6148351542745706,
        "freq2": 16.32061699484729
    },
    "рашкин_PROPN": {
        "difference": 26.168006781504403,
        "freq1": 0.5881031910452413,
        "freq2": 15.389488291496255
    },
    "афганец_NOUN": {
        "difference": 23.72374241180344,
        "freq1": 1.390062087925116,
        "freq2": 32.977474910349116
    },
    "кабул_PROPN": {
        "difference": 23.697768373132213,
        "freq1": 5.266196756177843,
        "freq2": 124.79711093524274
    },
    "капитолий_PROPN": {
        "difference": 22.52256643435178,
        "freq1": 1.9247013525116992,
        "freq2": 43.34921407823147
    },
    "qr-кодов_NOUN": {
        "difference": 22.334430437883448,
        "freq1": 0.6415671175038997,
        "freq2": 14.329036157124245
    },
    "контейнеровоз_NOUN": {
        "difference": 22.01191158679488,
        "freq1": 0.5346392645865831,
        "freq2": 11.768432222908901
    },
    "суэцкий_ADJ": {
        "difference": 21.963533759131597,
        "freq1": 0.8019588968798746,
        "freq2": 17.61385130505706
    },
    "вакцинированный_VERB": {
        "difference": 19.73815368662046,
        "freq1": 0.8019588968798746,
        "freq2": 15.829187956967576
    },
    "симоновский_ADJ": {
        "difference": 17.603286969092252,
        "freq1": 0.8286908601092038,
        "freq2": 14.587683019166198
    },
    "суперлига_PROPN": {
        "difference": 17.04218929047556,
        "freq1": 1.1762063820904827,
        "freq2": 20.045131808251426
    },
    "витория_PROPN": {
        "difference": 16.512965175734767,
        "freq1": 0.8019588968798746,
        "freq2": 13.242719336548038
    },
    "прайс_PROPN": {
        "difference": 15.304985478930305,
        "freq1": 0.8821547865678621,
        "freq2": 13.501366198589992
    },
    "арестович_PROPN": {
        "difference": 15.131509430238726,
        "freq1": 0.9623506762558496,
        "freq2": 14.561818332962003
    },
    "гаити_PROPN": {
        "difference": 15.056123926427372,
        "freq1": 1.0960104924024954,
        "freq2": 16.501669798276655
    },
    "антиковидный_ADJ": {
        "difference": 12.848250974760926,
        "freq1": 1.1494744188611536,
        "freq2": 14.768735822595566
    },
    "лентой.р_PROPN": {
        "difference": 12.697932910383994,
        "freq1": 2.5930004332449283,
        "freq2": 32.92574553794073
    },
    "ашраф::гани_PROPN": {
        "difference": 11.766178799534783,
        "freq1": 1.4969899408424328,
        "freq2": 17.61385130505706
    },
    "постковидный_ADJ": {
        "difference": 11.483368566390386,
        "freq1": 1.015814602714508,
        "freq2": 11.66497347809212
    },
    "defender_PROPN": {
        "difference": 11.35605849359227,
        "freq1": 1.5237219040717618,
        "freq2": 17.303475070606716
    },
    "вакцинироваться_VERB": {
        "difference": 10.425564991105656,
        "freq1": 4.5177017857566275,
        "freq2": 47.0995935778398
    },
    "несогласованный_ADJ": {
        "difference": 10.218510936647917,
        "freq1": 3.7157428888767527,
        "freq2": 37.969359347758825
    },
    "гимназия_NOUN": {
        "difference": 10.18184512448217,
        "freq1": 2.2989488377223073,
        "freq2": 23.407541014796823
    },
    "мель_NOUN": {
        "difference": 9.675565532657087,
        "freq1": 1.4969899408424328,
        "freq2": 14.484224274349415
    },
    "-код_NOUN": {
        "difference": 9.654832177944252,
        "freq1": 3.7424748521060818,
        "freq2": 36.132966627260956
    },
    "russian_PROPN": {
        "difference": 9.639730104758359,
        "freq1": 1.4435260143837745,
        "freq2": 13.915201177857119
    },
    "b_NOUN": {
        "difference": 9.349296462369816,
        "freq1": 2.2989488377223073,
        "freq2": 21.493554235686368
    },
    "несогласовать_ADJ": {
        "difference": 9.257581101646302,
        "freq1": 3.3414954036661446,
        "freq2": 30.934164700217682
    },
    "углеродный_ADJ": {
        "difference": 9.164403579988413,
        "freq1": 2.8335881023088905,
        "freq2": 25.968144949012167
    },
    "ema_PROPN": {
        "difference": 8.931291260914236,
        "freq1": 1.390062087925116,
        "freq2": 12.415049378013785
    },
    "вакцинировать_VERB": {
        "difference": 8.913248248265923,
        "freq1": 7.93939307911076,
        "freq2": 70.76578145467857
    },
    "карпин_PROPN": {
        "difference": 8.873512074028936,
        "freq1": 2.031629205429016,
        "freq2": 18.027686284324187
    },
    "нелегал_NOUN": {
        "difference": 8.183430125211176,
        "freq1": 2.2187529480343198,
        "freq2": 18.15700971534516
    },