{
    "денацификация_NOUN": {
        "difference": 3634.040757910126,
        "freq1": 0.025864686204195388,
        "freq2": 93.99332385660179
    },
    "демилитаризаций_NOUN": {
        "difference": 1616.4651473472115,
        "freq1": 0.07759405861258617,
        "freq2": 125.42809138846228
    },
    "сво_PROPN": {
        "difference": 1336.58957018255,
        "freq1": 0.025864686204195388,
        "freq2": 34.57046981657204
    },
    "вфа_ADV": {
        "difference": 1166.2595649868726,
        "freq1": 0.025864686204195388,
        "freq2": 30.164937681026878
    },
    "мария::федотов_PROPN": {
        "difference": 977.8946180645942,
        "freq1": 0.025864686204195388,
        "freq2": 25.292937437012228
    },
    "заэс_PROPN": {
        "difference": 668.9627458959638,
        "freq1": 0.07759405861258617,
        "freq2": 51.90753451468801
    },
    "точка-_NOUN": {
        "difference": 598.1589005989373,
        "freq1": 0.025864686204195388,
        "freq2": 15.471192264238013
    },
    "издевательствы_NOUN": {
        "difference": 549.8835515327828,
        "freq1": 0.28451154824614927,
        "freq2": 156.44822060168323
    },
    "н.подобный_ADJ": {
        "difference": 426.8269541962266,
        "freq1": 0.025864686204195388,
        "freq2": 11.039745233777879
    },
    "энергодар_PROPN": {
        "difference": 424.57258648040147,
        "freq1": 0.10345874481678155,
        "freq2": 43.92574688087677
    },
    "лепесток_PROPN": {
        "difference": 416.80754212589267,
        "freq1": 0.025864686204195388,
        "freq2": 10.780596284628164
    },
    "вга_PROPN": {
        "difference": 409.7939536766589,
        "freq1": 0.025864686204195388,
        "freq2": 10.599192020223363
    },
    "волновах_PROPN": {
        "difference": 406.78813005555867,
        "freq1": 0.025864686204195388,
        "freq2": 10.521447335478447
    },
    "михаил::мизинцев_PROPN": {
        "difference": 285.052273401001,
        "freq1": 0.15518811722517234,
        "freq2": 44.23672561985642
    },
    "леонид::уварчев_PROPN": {
        "difference": 273.02897891660035,
        "freq1": 0.051729372408390775,
        "freq2": 14.123617728659493
    },
    "мобилизовать_ADJ": {
        "difference": 266.71674931228995,
        "freq1": 0.12932343102097693,
        "freq2": 34.49272513182713
    },
    "демилитаризация_NOUN": {
        "difference": 236.67593816575825,
        "freq1": 0.5948877826964939,
        "freq2": 140.79562407304041
    },
    "мелитополь_PROPN": {
        "difference": 235.65657189425468,
        "freq1": 0.12932343102097693,
        "freq2": 30.475916420006538
    },
    "еленовка_PROPN": {
        "difference": 214.74939870749114,
        "freq1": 0.07759405861258617,
        "freq2": 16.663277430326705
    },
    "игорь::конашенков_PROPN": {
        "difference": 199.65955689247303,
        "freq1": 0.28451154824614927,
        "freq2": 56.80544965361763
    },
    "приазовский_ADJ": {
        "difference": 163.98437755113244,
        "freq1": 0.07759405861258617,
        "freq2": 12.72421340325103
    },
    "накачиваний_NOUN": {
        "difference": 155.3008870901763,
        "freq1": 0.07759405861258617,
        "freq2": 12.050426135461768
    },
    "северодонецк_PROPN": {
        "difference": 150.2911810550094,
        "freq1": 0.1810528034293677,
        "freq2": 27.210639660720123
    },
    "каховка_PROPN": {
        "difference": 148.68807512375594,
        "freq1": 0.12932343102097693,
        "freq2": 19.228852026908886
    },
    "запорожский_ADJ": {
        "difference": 139.73414199553557,
        "freq1": 2.1209042687440216,
        "freq2": 296.36273824761463
    },
    "анастасия::ларин_PROPN": {
        "difference": 137.76691596709193,
        "freq1": 0.10345874481678155,
        "freq2": 14.25319220323435
    },
    "лисичанск_PROPN": {
        "difference": 131.15410400067148,
        "freq1": 0.25864686204195386,
        "freq2": 33.92259744369775
    },
    "himars_PROPN": {
        "difference": 124.3773380185547,
        "freq1": 0.5690230964922985,
        "freq2": 70.77357801278728
    },
    "бриттни::грайнер_PROPN": {
        "difference": 120.98440074928253,
        "freq1": 0.10345874481678155,
        "freq2": 12.516894243931256
    },
    "артемовск_PROPN": {
        "difference": 116.35042266675306,
        "freq1": 0.2069174896335631,
        "freq2": 24.074937376008563
    },
    "конашенков_PROPN": {
        "difference": 112.64681856218323,
        "freq1": 0.3621056068587354,
        "freq2": 40.79004459616522
    },
    "макеевка_PROPN": {
        "difference": 94.63790128251802,
        "freq1": 0.28451154824614927,
        "freq2": 26.925575816655435
    },
    "сау_NOUN": {
        "difference": 84.16306139080524,
        "freq1": 0.2069174896335631,
        "freq2": 17.414809382860877
    },
    "мизинцев_PROPN": {
        "difference": 80.9693737933863,
        "freq1": 0.4138349792671262,
        "freq2": 33.50795912505821
    },
    "сунак_PROPN": {
        "difference": 76.39801703629642,
        "freq1": 0.3103762344503447,
        "freq2": 23.712128847198965
    },
    "херсонская_ADJ": {
        "difference": 76.0139395736003,
        "freq1": 0.3879702930629308,
        "freq2": 29.49115041323762
    },
    "горловка_NOUN": {
        "difference": 75.39607582926303,
        "freq1": 0.2069174896335631,
        "freq2": 15.600766738812869
    },
    "контрбатарейный_ADJ": {
        "difference": 70.80384529702663,
        "freq1": 0.15518811722517234,
        "freq2": 10.987915443947935
    },
    "зайцево_PROPN": {
        "difference": 69.31611441385583,
        "freq1": 0.28451154824614927,
        "freq2": 19.721235030293347
    },
    "запорожская_ADJ": {
        "difference": 65.20967355775683,
        "freq1": 0.3103762344503447,
        "freq2": 20.239532928592777
    },
    "рсзо_PROPN": {
        "difference": 63.931556248784744,
        "freq1": 1.3449636826181601,
        "freq2": 85.98562132787558
    },
    "мангистауский_ADJ": {
        "difference": 60.78443322669267,
        "freq1": 0.23278217583775848,
        "freq2": 14.149532623574462
    },
    "каховский_ADJ": {
        "difference": 56.83739210807628,
        "freq1": 0.28451154824614927,
        "freq2": 16.170894426942247
    },
    "мариуполь_PROPN": {
        "difference": 52.686823641035765,
        "freq1": 3.0520329720950556,
        "freq2": 160.80192294739842
    },
    "краматорск_PROPN": {
        "difference": 50.713639555998036,
        "freq1": 0.33624092065454003,
        "freq2": 17.05200085405128
    },
    "стирол_PROPN": {
        "difference": 50.54236755479574,
        "freq1": 0.23278217583775848,
        "freq2": 11.76536229139708
    },
    "предать_VERB": {
        "difference": 49.47629242992083,
        "freq1": 2.3795511307859756,
        "freq2": 117.73136759871572
    },
    "iba_PROPN": {
        "difference": 48.84463384287804,
        "freq1": 0.2069174896335631,
        "freq2": 10.106809016838902
    },
    "херсонский_ADJ": {
        "difference": 47.606520779901054,
        "freq1": 4.526320085734193,
        "freq2": 215.4823512179884
    },
    "красногоровка_PROPN": {
        "difference": 45.64398832041025,
        "freq1": 0.23278217583775848,
        "freq2": 10.625106915138334
    },
    "херсон_PROPN": {
        "difference": 44.537902686839324,
        "freq1": 1.603610544660114,
        "freq2": 71.42145038566157
    },
    "устав::оон_PROPN": {
        "difference": 42.26939467172138,
        "freq1": 0.4138349792671262,
        "freq2": 17.49255406760579
    },
    "лиз::трасса_PROPN": {
        "difference": 41.01279340790033,
        "freq1": 0.3879702930629308,
        "freq2": 15.911745477792527
    },
    "донецка_PROPN": {
        "difference": 39.77706591922581,
        "freq1": 0.25864686204195386,
        "freq2": 10.288213281243703
    },
    "кулемзин_PROPN": {
        "difference": 39.4764835571158,