{
    "фотопуть_NOUN": {
        "difference": 873.1028462746722,
        "freq1": 0.029798508149608896,
        "freq2": 26.01716228016254
    },
    "даиш_PROPN": {
        "difference": 444.76999920968905,
        "freq1": 0.05959701629921779,
        "freq2": 26.50696489230292
    },
    "тангейзер_PROPN": {
        "difference": 435.10108618339143,
        "freq1": 0.029798508149608896,
        "freq2": 12.965363262539473
    },
    "charlie_PROPN": {
        "difference": 286.8041326425522,
        "freq1": 0.23838806519687117,
        "freq2": 68.37068227112482
    },
    "а321_NOUN": {
        "difference": 192.08907212244543,
        "freq1": 0.08939552444882667,
        "freq2": 17.1719033432745
    },
    "ципрас_PROPN": {
        "difference": 187.02440339438482,
        "freq1": 0.20858955704726223,
        "freq2": 39.01133746106321
    },
    "аден_PROPN": {
        "difference": 168.88368085933124,
        "freq1": 0.08939552444882667,
        "freq2": 15.097445221268186
    },
    "нараскать_VERB": {
        "difference": 140.77937366289288,
        "freq1": 0.29798508149608893,
        "freq2": 41.950153133905495
    },
    "вкс_PROPN": {
        "difference": 138.38631768888422,
        "freq1": 0.23838806519687117,
        "freq2": 32.98964652357266
    },
    "ангелина::тимофеева_PROPN": {
        "difference": 116.99384761820082,
        "freq1": 0.08939552444882667,
        "freq2": 10.458726365115174
    },
    "a321_NOUN": {
        "difference": 112.35276936557798,
        "freq1": 0.14899254074804447,
        "freq2": 16.73972456785652
    },
    "бузина_PROPN": {
        "difference": 104.42426068401396,
        "freq1": 0.11919403259843558,
        "freq2": 12.446748732037895
    },
    "когалымавиа_PROPN": {
        "difference": 96.28201813555283,
        "freq1": 0.5661716548425689,
        "freq2": 54.51214953938818
    },
    "мукачево_PROPN": {
        "difference": 77.02900710950414,
        "freq1": 0.26818657334648,
        "freq2": 20.65814546497956
    },
    "баграмян_PROPN": {
        "difference": 68.45590422618692,
        "freq1": 0.14899254074804447,
        "freq2": 10.199419099864384
    },
    "смм_ADJ": {
        "difference": 68.43441775279516,
        "freq1": 0.26818657334648,
        "freq2": 18.353191996083652
    },
    "трамп_PROPN": {
        "difference": 64.94286582663214,
        "freq1": 0.17879104889765335,
        "freq2": 11.611203099563127
    },
    "алексис::ципрас_PROPN": {
        "difference": 61.63932054264713,
        "freq1": 0.23838806519687117,
        "freq2": 14.694078364211403
    },
    "пальмира_PROPN": {
        "difference": 55.38905890779048,
        "freq1": 0.20858955704726223,
        "freq2": 11.55357926284073
    },
    "дональд::трамп_PROPN": {
        "difference": 49.86396574990615,
        "freq1": 0.20858955704726223,
        "freq2": 10.401102528392778
    },
    "germanwings_PROPN": {
        "difference": 44.70012868311424,
        "freq1": 0.3873806059449156,
        "freq2": 17.315962935080496
    },
    "борис::немцов_PROPN": {
        "difference": 44.002344190587024,
        "freq1": 1.638917948228489,
        "freq2": 72.11623165808066
    },
    "нормандский_ADJ": {
        "difference": 38.95456305787202,
        "freq1": 3.0990448475593246,
        "freq2": 120.72193793342309
    },
    "шарм-эль-шейх_PROPN": {
        "difference": 37.884559221220556,
        "freq1": 0.3277835896456978,
        "freq2": 12.417936813676695
    },
    "horizons_PROPN": {
        "difference": 35.222468881512654,
        "freq1": 0.41717911409452446,
        "freq2": 14.694078364211403
    },
    "смм_NOUN": {
        "difference": 35.02295162858905,
        "freq1": 0.53637314669296,
        "freq2": 18.785370771501636
    },
    "сен-дени_NOUN": {
        "difference": 34.03457385256751,
        "freq1": 0.29798508149608893,
        "freq2": 10.141795263141988
    },
    "дебальцевский_ADJ": {
        "difference": 33.841195592041565,
        "freq1": 0.3277835896456978,
        "freq2": 11.092588569061549
    },
    "кундуз_PROPN": {
        "difference": 31.726120867538963,
        "freq1": 0.47677613039374234,
        "freq2": 15.126257139629386
    },
    "широкино_PROPN": {
        "difference": 30.668583505287664,
        "freq1": 0.9535522607874847,
        "freq2": 29.244097136616812
    },
    "немцов_PROPN": {
        "difference": 30.62571986469143,
        "freq1": 1.2813358504331824,
        "freq2": 39.241832807952804
    },
    "стад_PROPN": {
        "difference": 30.157800153452005,
        "freq1": 0.6257686711417867,
        "freq2": 18.87180652658523
    },
    "династия_PROPN": {
        "difference": 29.973630381522526,
        "freq1": 0.3575820977953067,
        "freq2": 10.718033630365964
    },
    "зепп::блаттер_PROPN": {
        "difference": 29.62831205915476,
        "freq1": 0.41717911409452446,
        "freq2": 12.360312976954297
    },
    "басурин_PROPN": {
        "difference": 29.5592483946812,
        "freq1": 1.0429477852363112,
        "freq2": 30.828752646482744
    },
    "су-24м_ADJ": {
        "difference": 27.96547152221457,
        "freq1": 0.3873806059449156,
        "freq2": 10.833281303810761
    },
    "сцкк_PROPN": {
        "difference": 27.418274796001022,
        "freq1": 0.41717911409452446,
        "freq2": 11.438331589395935
    },
    "хади_PROPN": {
        "difference": 25.985203758174766,
        "freq1": 0.9535522607874847,
        "freq2": 24.77824979063099
    },
    "хусит_NOUN": {
        "difference": 25.604714125195468,
        "freq1": 1.6091194400788802,
        "freq2": 41.201043256514325
    },
    "карикатура_NOUN": {
        "difference": 25.35892189169867,
        "freq1": 1.3111343585827913,
        "freq2": 33.24895378882344
    },
    "шарм-эш-шейх_PROPN": {
        "difference": 24.59885225808063,
        "freq1": 1.0131492770867023,
        "freq2": 24.922309382436985
    },
    "подгруппа_NOUN": {
        "difference": 24.317316261138437,
        "freq1": 1.7879104889765334,
        "freq2": 43.47718480704903
    },
    "кларксон_PROPN": {
        "difference": 23.151675079634785,
        "freq1": 0.53637314669296,
        "freq2": 12.417936813676695
    },
    "парнас_PROPN": {
        "difference": 23.084529850285495,
        "freq1": 0.7151641955906134,
        "freq2": 16.50922922096693
    },
    "москворецкий_ADJ": {
        "difference": 21.547863315748913,
        "freq1": 0.6257686711417867,
        "freq2": 13.483977793041051
    },
    "ансар::aлла_PROPN": {
        "difference": 21.355686162431198,
        "freq1": 0.6853656874410045,
        "freq2": 14.636454527489004
    },
    "эдуард::басурин_PROPN": {
        "difference": 20.90326911399574,
        "freq1": 0.6257686711417867,
        "freq2": 13.080610935984268
    },
    "вфла_PROPN": {
        "difference": 20.559162434864348,
        "freq1": 0.5661716548425689,
        "freq2": 11.640015017924327
    },
    "плутон_PROPN": {
        "difference": 18.712190503834744,
        "freq1": 1.0131492770867023,
        "freq2": 18.958242281668827
    },
    "синай_PROPN": {
        "difference": 18.08965728010949,
        "freq1": 1.638917948228489,
        "freq2": 29.647463993673593
    },
    "сатирический_ADJ": {
        "difference": 18.015750189815712,
        "freq1": 1.4601268993308356,
        "freq2": 26.30528146377453
    },
    "алексис_PROPN": {
        "difference": 17.72634054821225,
        "freq1": 0.8939552444882667,
        "freq2": 15.846555098659357
    },
    "рпк_PROPN": {
        "difference": 17.579841865995615,
        "freq1": 0.9833507689370934,
        "freq2": 17.287151016719296
    },
    "абд_PROPN": {
        "difference": 16.989661460494336,
        "freq1": 0.6257686711417867,
        "freq2": 10.631597875282367
    },
    "шериф_PROPN": {
        "difference": 16.880310658411208,
        "freq1": 0.7151641955906134,
        "freq2": 12.07219379334231
    },