{
    "колин_PROPN": {
        "difference": 94.685027804645,
        "freq1": 0.45625266907811407,
        "freq2": 43.200296657604724
    },
    "мазари-шариф_PROPN": {
        "difference": 90.59054011579549,
        "freq1": 0.45625266907811407,
        "freq2": 41.332175721059656
    },
    "michael_PROPN": {
        "difference": 85.4724305047336,
        "freq1": 0.45625266907811407,
        "freq2": 38.99702455037832
    },
    "осама_PROPN": {
        "difference": 83.08397935290469,
        "freq1": 1.3687580072343424,
        "freq2": 113.72186201218108
    },
    "bush_PROPN": {
        "difference": 64.99999206048604,
        "freq1": 0.45625266907811407,
        "freq2": 29.656419867652975
    },
    "кундуз_PROPN": {
        "difference": 59.88188244942413,
        "freq1": 0.45625266907811407,
        "freq2": 27.321268696971636
    },
    "george_PROPN": {
        "difference": 51.9488125522782,
        "freq1": 0.9125053381562281,
        "freq2": 47.40356876483113
    },
    "эдуард::лимонов_PROPN": {
        "difference": 50.15747418840653,
        "freq1": 0.45625266907811407,
        "freq2": 22.884481472677095
    },
    "раббани_PROPN": {
        "difference": 39.92125496628275,
        "freq1": 0.45625266907811407,
        "freq2": 18.214179131314424
    },
    "скляров_PROPN": {
        "difference": 38.897633044070375,
        "freq1": 0.45625266907811407,
        "freq2": 17.747148897178157
    },
    "антиталибский_ADJ": {
        "difference": 38.72702939036831,
        "freq1": 1.3687580072343424,
        "freq2": 53.00793157446633
    },
    "пауэлл_PROPN": {
        "difference": 38.38582208296419,
        "freq1": 1.8250106763124563,
        "freq2": 70.0545351204401
    },
    "аль-каида_PROPN": {
        "difference": 37.727779418684804,
        "freq1": 3.1937686835467987,
        "freq2": 120.49380040715697
    },
    "peter_PROPN": {
        "difference": 36.338578238539434,
        "freq1": 0.45625266907811407,
        "freq2": 16.57957331183749
    },
    "маквей_PROPN": {
        "difference": 36.338578238539434,
        "freq1": 0.45625266907811407,
        "freq2": 16.57957331183749
    },
    "язва_NOUN": {
        "difference": 36.18503495020757,
        "freq1": 4.562526690781142,
        "freq2": 165.0951877671705
    },
    "mignews_PROPN": {
        "difference": 35.82676727743324,
        "freq1": 0.45625266907811407,
        "freq2": 16.346058194769356
    },
    "будда_PROPN": {
        "difference": 34.80314535522086,
        "freq1": 0.45625266907811407,
        "freq2": 15.879027960633088
    },
    "ак&м_NOUN": {
        "difference": 34.29133439411468,
        "freq1": 0.45625266907811407,
        "freq2": 15.645512843564955
    },
    "adobe_PROPN": {
        "difference": 31.73227958858373,
        "freq1": 0.45625266907811407,
        "freq2": 14.477937258224285
    },
    "thomas_PROPN": {
        "difference": 31.73227958858373,
        "freq1": 0.45625266907811407,
        "freq2": 14.477937258224285
    },
    "штыров_PROPN": {
        "difference": 30.70865766637135,
        "freq1": 0.45625266907811407,
        "freq2": 14.010907024088018
    },
    "легочный_ADJ": {
        "difference": 27.637791899734218,
        "freq1": 0.45625266907811407,
        "freq2": 12.609816321679217
    },
    "robert_PROPN": {
        "difference": 27.12598093862803,
        "freq1": 0.9125053381562281,
        "freq2": 24.752602409222167
    },
    "хансен_PROPN": {
        "difference": 27.12598093862803,
        "freq1": 0.9125053381562281,
        "freq2": 24.752602409222167
    },
    "mike_PROPN": {
        "difference": 27.12598093862803,
        "freq1": 0.45625266907811407,
        "freq2": 12.376301204611083
    },
    "валерий::никитин_PROPN": {
        "difference": 26.102359016415644,
        "freq1": 0.45625266907811407,
        "freq2": 11.909270970474815
    },
    "третьяков_PROPN": {
        "difference": 26.102359016415644,
        "freq1": 0.45625266907811407,
        "freq2": 11.909270970474815
    },
    "now_PROPN": {
        "difference": 25.078737094203266,
        "freq1": 0.45625266907811407,
        "freq2": 11.442240736338547
    },
    "colorado_PROPN": {
        "difference": 24.566926133097077,
        "freq1": 0.45625266907811407,
        "freq2": 11.208725619270414
    },
    "daniel_PROPN": {
        "difference": 24.566926133097077,
        "freq1": 0.45625266907811407,
        "freq2": 11.208725619270414
    },
    "патаркацишвили_PROPN": {
        "difference": 23.5433042108847,
        "freq1": 0.45625266907811407,
        "freq2": 10.741695385134147
    },
    "tony_PROPN": {
        "difference": 23.5433042108847,
        "freq1": 0.45625266907811407,
        "freq2": 10.741695385134147
    },
    "jose_PROPN": {
        "difference": 23.03149324977851,
        "freq1": 0.45625266907811407,
        "freq2": 10.508180268066013
    },
    "edmonton_PROPN": {
        "difference": 23.03149324977851,
        "freq1": 0.45625266907811407,
        "freq2": 10.508180268066013
    },
    "john_PROPN": {
        "difference": 22.519682288672318,
        "freq1": 2.281263345390571,
        "freq2": 51.3733257549894
    },
    "дмитрий::бирюков_PROPN": {
        "difference": 22.007871327566132,
        "freq1": 0.45625266907811407,
        "freq2": 10.041150033929746
    },
    "фрс_PROPN": {
        "difference": 21.240154885906854,
        "freq1": 0.9125053381562281,
        "freq2": 19.381754716655095
    },
    "тв-6_PROPN": {
        "difference": 20.5905486660413,
        "freq1": 5.931284698015483,
        "freq2": 122.1284062266339
    },
    "james_PROPN": {
        "difference": 20.472438444247565,
        "freq1": 0.9125053381562281,
        "freq2": 18.68120936545069
    },
    "понтон_NOUN": {
        "difference": 20.472438444247565,
        "freq1": 0.9125053381562281,
        "freq2": 18.68120936545069
    },
    "колин::пауэлл_PROPN": {
        "difference": 18.681100080375906,
        "freq1": 0.9125053381562281,
        "freq2": 17.046603545973756
    },
    "бык_NOUN": {
        "difference": 18.42519459982281,
        "freq1": 0.9125053381562281,
        "freq2": 16.813088428905623
    },
    "мулла_NOUN": {
        "difference": 18.425194599822806,
        "freq1": 4.562526690781142,
        "freq2": 84.0654421445281
    },
    "кандагар_PROPN": {
        "difference": 18.169289119269713,
        "freq1": 4.562526690781142,
        "freq2": 82.89786655918745
    },
    "дональд_PROPN": {
        "difference": 17.742779985014558,
        "freq1": 1.3687580072343424,
        "freq2": 24.2855721750859
    },
    "ильясов_PROPN": {
        "difference": 17.657478158163528,
        "freq1": 0.9125053381562281,
        "freq2": 16.112543077701222
    },
    "усама_PROPN": {
        "difference": 17.40157267761043,
        "freq1": 0.9125053381562281,
        "freq2": 15.879027960633088
    },
    "январский_ADJ": {
        "difference": 16.889761716504243,
        "freq1": 0.9125053381562281,
        "freq2": 15.411997726496821
    },
    "jordan_PROPN": {
        "difference": 16.889761716504243,
        "freq1": 0.9125053381562281,
        "freq2": 15.411997726496821
    },
    "катарский_ADJ": {
        "difference": 16.719158062802176,
        "freq1": 1.3687580072343424,
        "freq2": 22.884481472677095
    },
    "возбудитель_NOUN": {
        "difference": 16.377950755398054,
        "freq1": 0.9125053381562281,
        "freq2": 14.944967492360554
    },
    "leadville_PROPN": {
        "difference": 16.377950755398054,
        "freq1": 0.9125053381562281,
        "freq2": 14.944967492360554
    },
    "эшкрофт_PROPN": {
        "difference": 16.207347101695987,
        "freq1": 1.3687580072343424,
        "freq2": 22.183936121472694
    },
    "philadelphia_PROPN": {
        "difference": 15.866139794291865,
        "freq1": 0.9125053381562281,
        "freq2": 14.477937258224285
    },