{
    "зеленский_ADJ": {
        "difference": 916.427341772152,
        "freq1": 0.030738594321622584,
        "freq2": 28.16968828397715
    },
    "stena_PROPN": {
        "difference": 332.21670886075947,
        "freq1": 0.030738594321622584,
        "freq2": 10.211874640535484
    },
    "слуга_PROPN": {
        "difference": 311.453164556962,
        "freq1": 0.15369297160811293,
        "freq2": 47.86816237751009
    },
    "зеленский_PROPN": {
        "difference": 224.3091983122363,
        "freq1": 1.475452527437884,
        "freq2": 330.9575735773546
    },
    "гбр_PROPN": {
        "difference": 215.65772151898733,
        "freq1": 0.06147718864324517,
        "freq2": 13.258030428195218
    },
    "чемодановка_PROPN": {
        "difference": 186.8718987341772,
        "freq1": 0.06147718864324517,
        "freq2": 11.48835897060242
    },
    "тулун_PROPN": {
        "difference": 177.74852320675106,
        "freq1": 0.09221578296486775,
        "freq2": 16.391219238359515
    },
    "владимир::зеленский_PROPN": {
        "difference": 170.4767884267631,
        "freq1": 1.0758508012567904,
        "freq2": 183.40758942461744
    },
    "григорий::березкин_PROPN": {
        "difference": 145.53356962025316,
        "freq1": 0.15369297160811293,
        "freq2": 22.367486783672895
    },
    "заворотнюк_PROPN": {
        "difference": 118.72972151898733,
        "freq1": 0.15369297160811293,
        "freq2": 18.247923718456875
    },
    "baring_PROPN": {
        "difference": 114.19949367088608,
        "freq1": 0.30738594321622587,
        "freq2": 35.103319076840734
    },
    "атамбаев_PROPN": {
        "difference": 90.7933164556962,
        "freq1": 0.30738594321622587,
        "freq2": 27.908589216463458
    },
    "арашуков_PROPN": {
        "difference": 87.53721518987342,
        "freq1": 0.24590875457298067,
        "freq2": 21.52616756612878
    },
    "голунов_PROPN": {
        "difference": 76.13299578059073,
        "freq1": 0.5532946977892065,
        "freq2": 42.12398289220888
    },
    "джо::байден_PROPN": {
        "difference": 70.21853164556961,
        "freq1": 0.15369297160811293,
        "freq2": 10.79209479056591
    },
    "алибасов_PROPN": {
        "difference": 57.84130198915009,
        "freq1": 0.2151701602513581,
        "freq2": 12.445722218152623
    },
    "дзен_ADJ": {
        "difference": 52.87460700618192,
        "freq1": 1.3217595558297712,
        "freq2": 69.88751707116472
    },
    "квандж_PROPN": {
        "difference": 45.892151898734184,
        "freq1": 0.24590875457298067,
        "freq2": 11.285281918091773
    },
    "пристайко_PROPN": {
        "difference": 43.21244122965641,
        "freq1": 0.4303403205027162,
        "freq2": 18.59605580847513
    },
    "абызов_PROPN": {
        "difference": 38.91349561830575,
        "freq1": 0.3996017261810936,
        "freq2": 15.5499000208154
    },
    "источник_PROPN": {
        "difference": 36.808101265822785,
        "freq1": 0.7684648580405646,
        "freq2": 28.28573231398323
    },
    "vostok_PROPN": {
        "difference": 34.520107403145374,
        "freq1": 1.0143736126135454,
        "freq2": 35.01628605433617
    },
    "пц_PROPN": {
        "difference": 31.67620253164557,
        "freq1": 0.49181750914596134,
        "freq2": 15.578911028316918
    },
    "лна_PROPN": {
        "difference": 27.181367088607594,
        "freq1": 0.46107891482433877,
        "freq2": 12.532755240657186
    },
    "яндексяча_NOUN": {
        "difference": 24.91942559302202,
        "freq1": 3.6578927242730876,
        "freq2": 91.15258556977982
    },
    "соболь_PROPN": {
        "difference": 24.853333333333335,
        "freq1": 0.5532946977892065,
        "freq2": 13.751217555721079
    },
    "богоматерь_PROPN": {
        "difference": 23.549993972272453,
        "freq1": 0.6455104807540742,
        "freq2": 15.201767930797143
    },
    "уилан_PROPN": {
        "difference": 20.97804372842348,
        "freq1": 0.6762490750756968,
        "freq2": 14.1863826682439
    },
    "михаил::абызов_PROPN": {
        "difference": 19.223664223850765,
        "freq1": 0.5840332921108291,
        "freq2": 11.22725990308873
    },
    "байден_PROPN": {
        "difference": 18.795966530787386,
        "freq1": 1.8135770649757326,
        "freq2": 34.08793381428749
    },
    "телемост_NOUN": {
        "difference": 18.741121157323686,
        "freq1": 0.8606806410054324,
        "freq2": 16.13012017084582
    },
    "okko_PROPN": {
        "difference": 18.615591444783934,
        "freq1": 0.8914192353270549,
        "freq2": 16.59429629087016
    },
    "штайнмайер_PROPN": {
        "difference": 18.376291883842146,
        "freq1": 1.5676683104027518,
        "freq2": 28.807930449010616
    },
    "святослав::вакарчук_PROPN": {
        "difference": 15.729957805907173,
        "freq1": 0.6455104807540742,
        "freq2": 10.153852625532442
    },
    "штрахо_PROPN": {
        "difference": 15.5726582278481,
        "freq1": 0.737726263718942,
        "freq2": 11.48835897060242
    },
    "ормузский_ADJ": {
        "difference": 15.230938454823221,
        "freq1": 0.8914192353270549,
        "freq2": 13.577151510711952
    },
    "радио_PROPN": {
        "difference": 14.197046087679,
        "freq1": 7.961295929300249,
        "freq2": 113.02688522592685
    },
    "стильный_ADJ": {
        "difference": 11.843135973866884,
        "freq1": 1.9057928479406003,
        "freq2": 22.570563836183545
    },
    "2019-ый_ADJ": {
        "difference": 11.76073372242856,
        "freq1": 5.133345251710972,
        "freq2": 60.371906610665754
    },
    "наушник_NOUN": {
        "difference": 11.649999999999999,
        "freq1": 2.950905054875768,
        "freq2": 34.378043889302695
    },
    "pdvsa_PROPN": {
        "difference": 11.115836849507737,
        "freq1": 1.6598840933676196,
        "freq2": 18.451000770967525
    },
    "мцд_PROPN": {
        "difference": 10.534820390010262,
        "freq1": 1.1373279899000357,
        "freq2": 11.981546098128282
    },
    "приватбанк_PROPN": {
        "difference": 10.327840867992766,
        "freq1": 1.0758508012567904,
        "freq2": 11.111215873082644
    },
    "ssj_NOUN": {
        "difference": 9.718563120082107,
        "freq1": 3.411983969700107,
        "freq2": 33.15958157423881
    },
    "нацпроект_NOUN": {
        "difference": 9.522284134811697,
        "freq1": 12.387653511613902,
        "freq2": 117.95875650118546
    },
    "кашмир_PROPN": {
        "difference": 9.482215189873417,
        "freq1": 1.9672700365838454,
        "freq2": 18.654077823478172
    },
    "мажоритарный_ADJ": {
        "difference": 9.412466643859048,
        "freq1": 1.1373279899000357,
        "freq2": 10.705061768061347
    },
    "моралес_PROPN": {
        "difference": 9.274849195186748,
        "freq1": 2.4898261400514294,
        "freq2": 23.092761971210926
    },
    "мосгордума_PROPN": {
        "difference": 9.255956600361664,
        "freq1": 8.606806410054324,
        "freq2": 79.6642265991774
    },
    "коломойский_PROPN": {
        "difference": 9.051875719217493,
        "freq1": 1.3524981501513935,
        "freq2": 12.242645165641974
    },
    "виктор::медведчук_PROPN": {
        "difference": 8.96607594936709,
        "freq1": 2.3976103570865615,
        "freq2": 21.497156558627257
    },
    "сан-марино_PROPN": {
        "difference": 8.893476144109055,
        "freq1": 1.5984069047243743,
        "freq2": 14.21539367574542
    },
    "михаил::гончаров_PROPN": {
        "difference": 8.85717624148004,
        "freq1": 1.1988051785432807,
        "freq2": 10.618028745556783
    },
    "хуан_PROPN": {
        "difference": 8.452230661040787,
        "freq1": 2.7664734889460325,
        "freq2": 23.382872046226137
    },
    "несуществующий_VERB": {
        "difference": 8.384433323520753,
        "freq1": 1.3217595558297712,
        "freq2": 11.082204865581124
    },