{
    "френкель_PROPN": {
        "difference": 519.7622325659396,
        "freq1": 0.042756993152082735,
        "freq2": 22.223470218533116
    },
    "нахр_PROPN": {
        "difference": 266.68428686629363,
        "freq1": 0.042756993152082735,
        "freq2": 11.402618227310185
    },
    "самообороный_NOUN": {
        "difference": 191.39586574417672,
        "freq1": 0.17102797260833094,
        "freq2": 32.734046883842844
    },
    "индевор_PROPN": {
        "difference": 142.41303754424524,
        "freq1": 0.08551398630416547,
        "freq2": 12.17830654209319
    },
    "ульяновский_PROPN": {
        "difference": 47.067861665366266,
        "freq1": 0.3848129383687446,
        "freq2": 18.112322150183186
    },
    "бхутто_PROPN": {
        "difference": 44.9009258499372,
        "freq1": 0.6841118904333238,
        "freq2": 30.717257265407035
    },
    "виктор::зубков_PROPN": {
        "difference": 40.44106957864713,
        "freq1": 0.5130839178249929,
        "freq2": 20.749662420445404
    },
    "хайлигендамм_PROPN": {
        "difference": 39.345003206889416,
        "freq1": 0.3420559452166619,
        "freq2": 13.458192261485152
    },
    "байр_PROPN": {
        "difference": 37.44983425867778,
        "freq1": 0.2992989520645791,
        "freq2": 11.208696148614434
    },
    "беназир::бхутто_PROPN": {
        "difference": 36.36603911813095,
        "freq1": 0.4703269246729101,
        "freq2": 17.103927340965278
    },
    "аннаполис_PROPN": {
        "difference": 35.477274745629394,
        "freq1": 0.3848129383687446,
        "freq2": 13.652114340180903
    },
    "йонбене_PROPN": {
        "difference": 34.63432296964853,
        "freq1": 0.4703269246729101,
        "freq2": 16.289454610443123
    },
    "гейзер_NOUN": {
        "difference": 25.48921245218657,
        "freq1": 0.42756993152082734,
        "freq2": 10.898420822701231
    },
    "довсе_PROPN": {
        "difference": 24.491414099965745,
        "freq1": 2.3516346233645504,
        "freq2": 57.59485737263818
    },
    "зубков_PROPN": {
        "difference": 21.971721291327295,
        "freq1": 2.308877630212468,
        "freq2": 50.730015786808586
    },
    "южкузбассуголь_PROPN": {
        "difference": 21.852608540373474,
        "freq1": 0.4703269246729101,
        "freq2": 10.277870170874827
    },
    "фосфор_NOUN": {
        "difference": 21.719752010463452,
        "freq1": 0.7696258767374892,
        "freq2": 16.716083183573776
    },
    "невельск_PROPN": {
        "difference": 20.91803157135121,
        "freq1": 1.4109807740187303,
        "freq2": 29.51494037749337
    },
    "iphone_PROPN": {
        "difference": 20.756340054219336,
        "freq1": 0.7268688835854065,
        "freq2": 15.087137722529464
    },
    "ирина::байбарз_PROPN": {
        "difference": 19.109350260714013,
        "freq1": 0.641354897281241,
        "freq2": 12.255875373571492
    },
    "stream_PROPN": {
        "difference": 18.979101524759777,
        "freq1": 0.5558409109770756,
        "freq2": 10.549361081048879
    },
    "прохоров_PROPN": {
        "difference": 18.468340410196394,
        "freq1": 1.0689248288020683,
        "freq2": 19.7412676112275
    },
    "николя::саркози_PROPN": {
        "difference": 18.27518372383065,
        "freq1": 1.453737767170813,
        "freq2": 26.56732478131795
    },
    "михаил::прохоров_PROPN": {
        "difference": 17.71847983034559,
        "freq1": 0.641354897281241,
        "freq2": 11.363833811571036
    },
    "тынисмяга_NOUN": {
        "difference": 17.196903418957426,
        "freq1": 1.0261678356499857,
        "freq2": 17.64690916131338
    },
    "госкорпорация_NOUN": {
        "difference": 16.74227884505595,
        "freq1": 1.4964947603228957,
        "freq2": 25.05473256749109
    },
    "саркози_PROPN": {
        "difference": 16.230735773547956,
        "freq1": 4.403970294664521,
        "freq2": 71.47967820725398
    },
    "михаил::тургиев_PROPN": {
        "difference": 16.09502237148746,
        "freq1": 1.6675227329312265,
        "freq2": 26.838815691492
    },
    "русснефть_PROPN": {
        "difference": 15.54709060437102,
        "freq1": 1.8385507055395576,
        "freq2": 28.584114399753766
    },
    "nord_PROPN": {
        "difference": 15.080361459701129,
        "freq1": 0.6841118904333238,
        "freq2": 10.316654586613977
    },
    "мадлен_ADJ": {
        "difference": 13.088004360299154,
        "freq1": 1.1971958082583165,
        "freq2": 15.668903958616717
    },
    "тынисмяга_PROPN": {
        "difference": 12.961830269280117,
        "freq1": 1.624765739779144,
        "freq2": 21.05993774635861
    },
    "униан_PROPN": {
        "difference": 12.764043856331355,
        "freq1": 1.1971958082583165,
        "freq2": 15.281059801225215
    },
    "саркози_VERB": {
        "difference": 12.569667553950673,
        "freq1": 0.8978968561937375,
        "freq2": 11.286264980092735
    },
    "тюлень_NOUN": {
        "difference": 12.383742395151762,
        "freq1": 0.9834108424979028,
        "freq2": 12.17830654209319
    },
    "норникель_PROPN": {
        "difference": 12.117784184313537,
        "freq1": 1.6675227329312265,
        "freq2": 20.206680600097304
    },
    "ящура_NOUN": {
        "difference": 11.727370243634393,
        "freq1": 1.1971958082583165,
        "freq2": 14.039958497572407
    },
    "патаркацишвили_PROPN": {
        "difference": 11.180862958680015,
        "freq1": 1.9668216849958056,
        "freq2": 21.990763724098215
    },
    "несогласный_ADJ": {
        "difference": 10.475138295605007,
        "freq1": 4.446727287816604,
        "freq2": 46.5800833027195
    },
    "имеди_VERB": {
        "difference": 10.43152822776319,
        "freq1": 1.5392517534749783,
        "freq2": 16.056748116008222
    },
    "alitalia_PROPN": {
        "difference": 10.322051919525792,
        "freq1": 1.2399528014103993,
        "freq2": 12.798857193919597
    },
    "ростропович_PROPN": {
        "difference": 9.272469535789499,
        "freq1": 1.154438815106234,
        "freq2": 10.70449874400548
    },
    "гамсахурдия_PROPN": {
        "difference": 9.227890355328974,
        "freq1": 2.223363643908302,
        "freq2": 20.516955926010503
    },
    "-освободитель_NOUN": {
        "difference": 9.222075679616731,
        "freq1": 1.795793712387475,
        "freq2": 16.560945520617175
    },
    "мьянм_PROPN": {
        "difference": 9.184280287487153,
        "freq1": 1.3682237808666475,
        "freq2": 12.566150699484695
    },
    "андрей::луговой_PROPN": {
        "difference": 9.007608803346574,
        "freq1": 1.8385507055395576,
        "freq2": 16.560945520617175
    },
    "воин_PROPN": {
        "difference": 8.97850537478168,
        "freq1": 4.617755260424936,
        "freq2": 41.46054042515166
    },
    "марша_PROPN": {
        "difference": 8.784444823379525,
        "freq1": 2.437148609668716,
        "freq2": 21.40899748801096
    },
    "сердюков_PROPN": {
        "difference": 8.534045275951783,
        "freq1": 2.095092664452054,
        "freq2": 17.879615655748285
    },
    "про_NOUN": {
        "difference": 8.413353315272076,
        "freq1": 19.582702863653893,
        "freq2": 164.75619805991045
    },
    "краснодар_NOUN": {
        "difference": 8.163804699988582,
        "freq1": 2.266120637060385,
        "freq2": 18.500166307574688
    },
    "прикаспийский_ADJ": {
        "difference": 8.012623131470276,
        "freq1": 1.5392517534749783,
        "freq2": 12.333444205049794
    },
    "пхенчхан_PROPN": {
        "difference": 7.992193189778612,
        "freq1": 1.5820087466270611,
        "freq2": 12.643719530962995
    },
    "rock_PROPN": {
        "difference": 7.950371897374502,
        "freq1": 1.453737767170813,
        "freq2": 11.557755890266789
    },
    "абу-даби_NOUN": {
        "difference": 7.645467893640101,
        "freq1": 1.4964947603228957,
        "freq2": 11.441402643049337
    },