{
    "пророссийски_NOUN": {
        "difference": 3810.724001956332,
        "freq1": 0.030136911082942475,
        "freq2": 114.84345040859267
    },
    "славянск_PROPN": {
        "difference": 1769.2411730238357,
        "freq1": 0.09041073324882742,
        "freq2": 159.95839174710053
    },
    "радый_NOUN": {
        "difference": 1286.3912627257882,
        "freq1": 0.09041073324882742,
        "freq2": 116.30357730792352
    },
    "федерализация_NOUN": {
        "difference": 864.6803683733295,
        "freq1": 0.1205476443317699,
        "freq2": 104.2351815073319
    },
    "коктейль_PROPN": {
        "difference": 722.4621183435634,
        "freq1": 0.09041073324882742,
        "freq2": 65.3183298639427
    },
    "стенин_PROPN": {
        "difference": 506.250827452424,
        "freq1": 0.030136911082942475,
        "freq2": 15.256836172599755
    },
    "деэскалация_NOUN": {
        "difference": 496.3631159787438,
        "freq1": 0.06027382216588495,
        "freq2": 29.91770218220733
    },
    "эбола_PROPN": {
        "difference": 461.6325294274422,
        "freq1": 0.2410952886635398,
        "freq2": 111.29742793878921
    },
    "краматорск_PROPN": {
        "difference": 437.82786405455727,
        "freq1": 0.15068455541471237,
        "freq2": 65.97389704323409
    },
    "аваков_PROPN": {
        "difference": 405.0665800384303,
        "freq1": 0.09041073324882742,
        "freq2": 36.622366515869324
    },
    "славянский_PROPN": {
        "difference": 357.9351553472216,
        "freq1": 0.030136911082942475,
        "freq2": 10.787059950158419
    },
    "надежда::савченко_PROPN": {
        "difference": 338.1597323998613,
        "freq1": 0.030136911082942475,
        "freq2": 10.191089787166241
    },
    "порошенко_PROPN": {
        "difference": 274.27651826991035,
        "freq1": 0.6931489549076769,
        "freq2": 190.11448199450473
    },
    "malaysia_PROPN": {
        "difference": 235.52528730306133,
        "freq1": 0.15068455541471237,
        "freq2": 35.4900232061842
    },
    "радый_PROPN": {
        "difference": 234.33876192621966,
        "freq1": 0.09041073324882742,
        "freq2": 21.18673929437192
    },
    "тасс_PROPN": {
        "difference": 187.27325531150214,
        "freq1": 0.4520536662441371,
        "freq2": 84.65756165303887
    },
    "николай::рязанцев_PROPN": {
        "difference": 172.0461796420347,
        "freq1": 0.06027382216588495,
        "freq2": 10.369880836063896
    },
    "мария::воробьев_PROPN": {
        "difference": 165.4543719929146,
        "freq1": 0.09041073324882742,
        "freq2": 14.958851091103664
    },
    "петр::порошенко_PROPN": {
        "difference": 152.68908294933007,
        "freq1": 0.7835596881565043,
        "freq2": 119.6410102206797
    },
    "луганский_ADJ": {
        "difference": 147.9907901567814,
        "freq1": 2.1095837758059734,
        "freq2": 312.1989698834524
    },
    "летчица_NOUN": {
        "difference": 145.01976828064227,
        "freq1": 0.09041073324882742,
        "freq2": 13.111343585827912
    },
    "ополченц_NOUN": {
        "difference": 138.09837024906616,
        "freq1": 0.4520536662441371,
        "freq2": 62.427874573430636
    },
    "иг_PROPN": {
        "difference": 136.94480391047014,
        "freq1": 0.6630120438247344,
        "freq2": 90.7960543318583
    },
    "евромайданый_NOUN": {
        "difference": 132.56125182380526,
        "freq1": 0.4520536662441371,
        "freq2": 59.92479988886348
    },
    "ополченец_NOUN": {
        "difference": 128.0129045459124,
        "freq1": 2.260268331220686,
        "freq2": 289.34351413270235
    },
    "госпереворот_NOUN": {
        "difference": 119.83906306100347,
        "freq1": 0.15068455541471237,
        "freq2": 18.057895938662988
    },
    "буркхальтер_PROPN": {
        "difference": 104.80974162100964,
        "freq1": 0.1205476443317699,
        "freq2": 12.63456745543417
    },
    "миа_PROPN": {
        "difference": 104.7306399292202,
        "freq1": 0.7534227770735619,
        "freq2": 78.90644958016435
    },
    "последовать_ADJ": {
        "difference": 101.47263899864261,
        "freq1": 1.205476443317699,
        "freq2": 122.32287595414452
    },
    "куала-лумпур_NOUN": {
        "difference": 100.68986184030959,
        "freq1": 0.18082146649765485,
        "freq2": 18.206888479411035
    },
    "гид_PROPN": {
        "difference": 100.65690280206398,
        "freq1": 0.15068455541471237,
        "freq2": 15.167440648150928
    },
    "гуково_PROPN": {
        "difference": 95.16922293417149,
        "freq1": 0.1205476443317699,
        "freq2": 11.472425637599423
    },
    "игил_VERB": {
        "difference": 95.1197843768031,
        "freq1": 0.15068455541471237,
        "freq2": 14.333082419961878
    },
    "игил_NOUN": {
        "difference": 91.70852391838343,
        "freq1": 0.1205476443317699,
        "freq2": 11.055246523504898
    },
    "еаэс_PROPN": {
        "difference": 91.13174074908544,
        "freq1": 0.18082146649765485,
        "freq2": 16.47857500673372
    },
    "андрей::стенин_PROPN": {
        "difference": 90.40193347364713,
        "freq1": 0.21095837758059732,
        "freq2": 19.07104521574969
    },
    "луганск_PROPN": {
        "difference": 87.46434945955379,
        "freq1": 1.7780777538936061,
        "freq2": 155.51841403280883
    },
    "луганская_ADJ": {
        "difference": 75.23649548609355,
        "freq1": 0.3315060219123672,
        "freq2": 24.941351321222644
    },
    "рада_NOUN": {
        "difference": 73.21400904829532,
        "freq1": 0.6630120438247344,
        "freq2": 48.541769775712886
    },
    "гюнтер::эттингер_PROPN": {
        "difference": 73.16906490523314,
        "freq1": 0.18082146649765485,
        "freq2": 13.230537618426348
    },
    "лабиринт_PROPN": {
        "difference": 71.43871539733912,
        "freq1": 0.2410952886635398,
        "freq2": 17.22353771047394
    },
    "повтора_NOUN": {
        "difference": 68.81847185681389,
        "freq1": 0.15068455541471237,
        "freq2": 10.369880836063896
    },
    "крым_PROPN": {
        "difference": 64.463055534505,
        "freq1": 14.827360252807699,
        "freq2": 955.8169474068549
    },
    "внеблоковый_ADJ": {
        "difference": 62.43383530523755,
        "freq1": 0.21095837758059732,
        "freq2": 13.17094060212713
    },
    "снбо_NOUN": {
        "difference": 60.054837055931046,
        "freq1": 0.572601310575907,
        "freq2": 34.38747840464866
    },
    "арсен::аваков_PROPN": {
        "difference": 59.467521863133506,
        "freq1": 0.21095837758059732,
        "freq2": 12.545171930985344
    },
    "секторальный_ADJ": {
        "difference": 58.19624467366034,
        "freq1": 0.21095837758059732,
        "freq2": 12.276985357638864
    },
    "мариуполь_PROPN": {
        "difference": 56.030365017520886,
        "freq1": 0.9945180657371016,
        "freq2": 55.72321023976863
    },
    "сергей::аксенов_PROPN": {
        "difference": 52.40487081050482,
        "freq1": 0.30136911082942475,
        "freq2": 15.793209319292712
    },
    "госпереворота_NOUN": {
        "difference": 49.31496097497977,
        "freq1": 0.4821905773270796,
        "freq2": 23.779209503387897
    },
    "пророссийский_ADJ": {
        "difference": 49.27376217717277,
        "freq1": 0.5424643994929645,
        "freq2": 26.729261810199176
    },
    "олег::ляшко_PROPN": {
        "difference": 48.559649681851425,
        "freq1": 0.27123219974648227,
        "freq2": 13.17094060212713
    },
    "малайзийский_ADJ": {
        "difference": 48.04264516035181,
        "freq1": 2.0493099536400883,
        "freq2": 98.45427092630779
    },
    "импортозамещение_NOUN": {
        "difference": 46.911697769571404,
        "freq1": 0.27123219974648227,
        "freq2": 12.723962979882998
    },
    "люстрация_NOUN": {
        "difference": 45.554099289454996,
        "freq1": 0.42191675516119465,