{
    "brexit_PROPN": {
        "difference": 1564.3314185345407,
        "freq1": 0.028811918361198827,
        "freq2": 45.07138912067554
    },
    "нсн_PROPN": {
        "difference": 202.4591664907616,
        "freq1": 0.05762383672239765,
        "freq2": 11.666473952816368
    },
    "перепроверка_NOUN": {
        "difference": 188.16250553127728,
        "freq1": 0.05762383672239765,
        "freq2": 10.842645496011567
    },
    "новости_NOUN": {
        "difference": 117.14038334545202,
        "freq1": 0.08643575508359648,
        "freq2": 10.125117485246095
    },
    "gelandewagen+_PROPN": {
        "difference": 106.76377458453601,
        "freq1": 0.1152476734447953,
        "freq2": 12.304276629052342
    },
    "зик_PROPN": {
        "difference": 105.06578406002247,
        "freq1": 0.31693110197318713,
        "freq2": 33.29861472181984
    },
    "рио-де-жанейро_ADV": {
        "difference": 97.60794332490421,
        "freq1": 0.48980261214038007,
        "freq2": 47.80862560618826
    },
    "ричард::макларен_PROPN": {
        "difference": 96.84834843521622,
        "freq1": 0.31693110197318713,
        "freq2": 30.694253793856273
    },
    "фетхуллах_PROPN": {
        "difference": 60.645513424909225,
        "freq1": 0.2304953468895906,
        "freq2": 13.978508654171776
    },
    "роуссефф_PROPN": {
        "difference": 56.396045075200746,
        "freq1": 0.2016834285283918,
        "freq2": 11.374147726208212
    },
    "ipc_PROPN": {
        "difference": 55.01637272454301,
        "freq1": 0.48980261214038007,
        "freq2": 26.947163070969925
    },
    "бинали_VERB": {
        "difference": 52.77978777157287,
        "freq1": 0.25930726525078945,
        "freq2": 13.68618242756362
    },
    "пкр_PROPN": {
        "difference": 44.3993077891316,
        "freq1": 0.6338622039463743,
        "freq2": 28.14304308891238
    },
    "паралимпиец_NOUN": {
        "difference": 34.68093239203934,
        "freq1": 0.7202979590299707,
        "freq2": 24.980604819242334
    },
    "карабахо_PROPN": {
        "difference": 34.53443909188523,
        "freq1": 0.9796052242807601,
        "freq2": 33.83011695201648
    },
    "покемон_NOUN": {
        "difference": 33.6355851390878,
        "freq1": 0.43217877541798244,
        "freq2": 14.536585995878253
    },
    "выборщик_NOUN": {
        "difference": 31.637127155503972,
        "freq1": 0.8643575508359649,
        "freq2": 27.34578974361741
    },
    "-жанейрый_ADV": {
        "difference": 30.499543380233177,
        "freq1": 0.43217877541798244,
        "freq2": 13.181255308876807
    },
    "нагорн_ADJ": {
        "difference": 30.490758949536104,
        "freq1": 1.008417142641959,
        "freq2": 30.74740401687594
    },
    "панамский_ADJ": {
        "difference": 24.624356413109812,
        "freq1": 0.9507933059195613,
        "freq2": 23.41267324016223
    },
    "гюлена_PROPN": {
        "difference": 23.276157691152815,
        "freq1": 0.9796052242807601,
        "freq2": 22.801445675436092
    },
    "pokemon_PROPN": {
        "difference": 22.837762926247184,
        "freq1": 0.7202979590299707,
        "freq2": 16.44999402458618
    },
    "родченков_PROPN": {
        "difference": 22.698205057694572,
        "freq1": 0.662674122307573,
        "freq2": 15.041513114565067
    },
    "паралимпиада_PROPN": {
        "difference": 22.282401970809147,
        "freq1": 1.0948528977255556,
        "freq2": 24.395952366026027
    },
    "степанакерт_PROPN": {
        "difference": 18.754759538248226,
        "freq1": 0.6050502855851754,
        "freq2": 11.34757261469838
    },
    "белых_PROPN": {
        "difference": 17.229782369236567,
        "freq1": 0.7202979590299707,
        "freq2": 12.410577075091672
    },
    "алеппо_PROPN": {
        "difference": 15.374984888775431,
        "freq1": 19.851411750865992,
        "freq2": 305.21515569042367
    },
    "враждовать_VERB": {
        "difference": 15.113613014311976,
        "freq1": 2.016834285283918,
        "freq2": 30.48165290177762
    },
    "трампа_PROPN": {
        "difference": 14.51030785623018,
        "freq1": 9.018130447055233,
        "freq2": 130.85584907441412
    },
    "дональд::трампа_PROPN": {
        "difference": 13.152461062359384,
        "freq1": 4.552283101069415,
        "freq2": 59.873726231652114
    },
    "евфрат_PROPN": {
        "difference": 12.205966453581222,
        "freq1": 0.8643575508359649,
        "freq2": 10.550319269403413
    },
    "паралимпийский_ADJ": {
        "difference": 11.885334733138102,
        "freq1": 6.050502855851754,
        "freq2": 71.91225174560613
    },
    "орландо_PROPN": {
        "difference": 11.699474673126375,
        "freq1": 1.6422793465883332,
        "freq2": 19.213805621608735
    },
    "мгпс_PROPN": {
        "difference": 11.62180181222595,
        "freq1": 1.008417142641959,
        "freq2": 11.719624175836033
    },
    "нкао_PROPN": {
        "difference": 11.529565289906696,
        "freq1": 0.9219813875583625,
        "freq2": 10.630044603932909
    },
    "примирение_NOUN": {
        "difference": 11.365326468113151,
        "freq1": 10.112983344780789,
        "freq2": 114.93735728002457
    },
    "нкр_PROPN": {
        "difference": 10.799359488212605,
        "freq1": 2.7659441626750874,
        "freq2": 29.870425337051476
    },
    "трамп_PROPN": {
        "difference": 10.038446324869632,
        "freq1": 11.611203099563127,
        "freq2": 116.55843908212435
    },
    "мок_NOUN": {
        "difference": 9.93316394207346,
        "freq1": 1.1236648160867544,
        "freq2": 11.161546834129554
    },
    "грипп_NOUN": {
        "difference": 9.898785539622986,
        "freq1": 5.589512162072572,
        "freq2": 55.32938216347079
    },
    "проповедник_NOUN": {
        "difference": 9.881338738897425,
        "freq1": 3.313370611537865,
        "freq2": 32.74053738011336
    },
    "водородный_ADJ": {
        "difference": 9.86461789549983,
        "freq1": 1.699903183310731,
        "freq2": 16.768895362704164
    },
    "григорий::родченков_PROPN": {
        "difference": 9.767611209705569,
        "freq1": 1.1236648160867544,
        "freq2": 10.975521053560728
    },
    "cas_PROPN": {
        "difference": 9.646855099037227,
        "freq1": 7.347039182105702,
        "freq2": 70.87582239672268
    },
    "карабахский_ADJ": {
        "difference": 9.558235695240297,
        "freq1": 2.9388156728422805,
        "freq2": 28.089892865892715
    },
    "спецпроект_NOUN": {
        "difference": 9.433415935909467,
        "freq1": 17.86338938394327,
        "freq2": 168.51278208384645
    },
    "путч_NOUN": {
        "difference": 9.270552158528366,
        "freq1": 1.699903183310731,
        "freq2": 15.759041125330537
    },
    "egyptair_PROPN": {
        "difference": 9.082735322826498,
        "freq1": 2.0744581220063156,
        "freq2": 18.841754060471082
    },
    "note_PROPN": {
        "difference": 8.944797629564825,
        "freq1": 1.2389124895315495,
        "freq2": 11.081821499600059
    },
    "iwf_PROPN": {
        "difference": 8.549616107284656,
        "freq1": 1.498219754782339,
        "freq2": 12.809203747739154
    },
    "go_PROPN": {
        "difference": 8.385138392659414,
        "freq1": 1.9015866118391227,
        "freq2": 15.945066905899363
    },
    "война_PROPN": {
        "difference": 8.29587724202788,
        "freq1": 19.6497283223376,
        "freq2": 163.01173400131117
    },
    "мпк_PROPN": {
        "difference": 8.20586991667842,
        "freq1": 1.671091264949532,
        "freq2": 13.712757539073452
    },
    "карлов_PROPN": {
        "difference": 8.127665319661284,
        "freq1": 2.4490130607019003,
        "freq2": 19.904758520864373
    },
    "допинг-проба_NOUN": {
        "difference": 8.086366956726794,
        "freq1": 5.935255182406959,
        "freq2": 47.994651386757084
    },
    "праймериз_NOUN": {
        "difference": 7.951084169980575,