{
    "свиной_NOUN": {
        "difference": 354.731629787414,
        "freq1": 0.033621730450619614,
        "freq2": 11.926691239021421
    },
    "саяно-шушенский_ADJ": {
        "difference": 286.3212074177714,
        "freq1": 0.20173038270371768,
        "freq2": 57.75968674857756
    },
    "agence_PROPN": {
        "difference": 265.68013170279306,
        "freq1": 0.10086519135185884,
        "freq2": 26.79787732258928
    },
    "мусави_PROPN": {
        "difference": 172.94272724049736,
        "freq1": 0.06724346090123923,
        "freq2": 11.629267517350064
    },
    "салонен_PROPN": {
        "difference": 96.64446522263087,
        "freq1": 0.13448692180247845,
        "freq2": 12.997416637038306
    },
    "хромой_ADJ": {
        "difference": 84.85523543926823,
        "freq1": 0.437082495858055,
        "freq2": 37.08873809241823
    },
    "h1n1_NOUN": {
        "difference": 64.28220722664693,
        "freq1": 0.20173038270371768,
        "freq2": 12.967674264871173
    },
    "пикалево_PROPN": {
        "difference": 62.41468132862507,
        "freq1": 0.3025955740555765,
        "freq2": 18.886406326131176
    },
    "контактный_PROPN": {
        "difference": 61.80259748166576,
        "freq1": 0.7396780699136315,
        "freq2": 45.71402602088759
    },
    "артек_PROPN": {
        "difference": 59.888606824458684,
        "freq1": 0.33621730450619614,
        "freq2": 20.13558595715088
    },
    "беленький_ADJ": {
        "difference": 56.21342308351901,
        "freq1": 0.36983903495681575,
        "freq2": 20.789918144827862
    },
    "пикалевский_ADJ": {
        "difference": 54.18282375181822,
        "freq1": 0.2689738436049569,
        "freq2": 14.573762361896499
    },
    "свиной_ADJ": {
        "difference": 39.54240361969428,
        "freq1": 1.3448692180247845,
        "freq2": 53.179361434838654
    },
    "расмуссен_PROPN": {
        "difference": 37.596245052282036,
        "freq1": 0.47070422630867453,
        "freq2": 17.69671143944575
    },
    "орбакайте_VERB": {
        "difference": 34.72123807769576,
        "freq1": 0.6724346090123923,
        "freq2": 23.347762151201536
    },
    "гидроагрегат_NOUN": {
        "difference": 31.919949230662983,
        "freq1": 0.40346076540743536,
        "freq2": 12.878447148369764
    },
    "france-presse_PROPN": {
        "difference": 31.226998831660136,
        "freq1": 0.33621730450619614,
        "freq2": 10.499057374998907
    },
    "глухов_PROPN": {
        "difference": 27.22656177642385,
        "freq1": 0.605191148111153,
        "freq2": 16.477274180593184
    },
    "кд_PROPN": {
        "difference": 22.634007163321108,
        "freq1": 0.9750301830679687,
        "freq2": 22.068840148014697
    },
    "маркелов_PROPN": {
        "difference": 22.34823235305929,
        "freq1": 0.6388128785617726,
        "freq2": 14.276338640225143
    },
    "magna_PROPN": {
        "difference": 21.33289198894193,
        "freq1": 0.87416499171611,
        "freq2": 18.648467348794092
    },
    "гондурася_PROPN": {
        "difference": 20.2479123680264,
        "freq1": 0.605191148111153,
        "freq2": 12.253857332859914
    },
    "twitter_PROPN": {
        "difference": 20.244131951228788,
        "freq1": 0.87416499171611,
        "freq2": 17.69671143944575
    },
    "гтс_PROPN": {
        "difference": 19.869870688264893,
        "freq1": 0.87416499171611,
        "freq2": 17.369545345607257
    },
    "arctic_PROPN": {
        "difference": 18.262437465918957,
        "freq1": 1.5129778702778827,
        "freq2": 27.63066374326908
    },
    "opel_PROPN": {
        "difference": 17.13167753003738,
        "freq1": 2.3871428619939925,
        "freq2": 40.8957617298116
    },
    "кд::авиа_PROPN": {
        "difference": 16.630809576068287,
        "freq1": 0.6724346090123923,
        "freq2": 11.183131934843027
    },
    "демьянюк_PROPN": {
        "difference": 16.586578699536194,
        "freq1": 0.8069215308148707,
        "freq2": 13.384067475211072
    },
    "пандемия_NOUN": {
        "difference": 16.564896897314576,
        "freq1": 1.7147082529816005,
        "freq2": 28.403965419614607
    },
    "зыкина_PROPN": {
        "difference": 16.524655472391256,
        "freq1": 0.8405432612654904,
        "freq2": 13.889687802052379
    },
    "поланска_ADV": {
        "difference": 16.179939995934653,
        "freq1": 1.0422736439692082,
        "freq2": 16.863925018765947
    },
    "докризисный_ADJ": {
        "difference": 13.637853597396425,
        "freq1": 1.210382296222306,
        "freq2": 16.507016552760323
    },
    "пахомов_PROPN": {
        "difference": 12.689685956794586,
        "freq1": 0.9750301830679687,
        "freq2": 12.372826821528458
    },
    "грипп_NOUN": {
        "difference": 12.599972657273767,
        "freq1": 26.79651916914383,
        "freq2": 337.63540884132465
    },
    "черкизовский_ADJ": {
        "difference": 12.295189723641208,
        "freq1": 2.9923340101051457,
        "freq2": 36.791314370746875
    },
    "великобритания_NOUN": {
        "difference": 12.068710596614906,
        "freq1": 0.9414084526173491,
        "freq2": 11.361586167845843
    },
    "sea_PROPN": {
        "difference": 11.480369730997493,
        "freq1": 3.0259557405557653,
        "freq2": 34.739090691214514
    },
    "андре_PROPN": {
        "difference": 11.198881504935073,
        "freq1": 1.5802213311791218,
        "freq2": 17.69671143944575
    },
    "гондурас_PROPN": {
        "difference": 9.812270767515095,
        "freq1": 2.5552515142470904,
        "freq2": 25.072819736895408
    },
    "макс_PROPN": {
        "difference": 9.439652890267686,
        "freq1": 2.6561167055989494,
        "freq2": 25.072819736895408
    },
    "gm_PROPN": {
        "difference": 8.695602109714294,
        "freq1": 3.1604426623582436,
        "freq2": 27.4819518824334
    },
    "майкл::джексон_PROPN": {
        "difference": 8.21890105741866,
        "freq1": 1.8491951747840787,
        "freq2": 15.19835217740635
    },
    "гоголь_PROPN": {
        "difference": 8.196534307354135,
        "freq1": 4.3035814976793105,
        "freq2": 35.27445339022296
    },
    "перезагрузка_NOUN": {
        "difference": 7.563479886988503,
        "freq1": 1.3448692180247845,
        "freq2": 10.171891281160415
    },
    "воз_PROPN": {
        "difference": 7.547297858988957,
        "freq1": 6.89245474237702,
        "freq2": 52.019408920320366
    },
    "евкуров_PROPN": {
        "difference": 7.0122121331372504,
        "freq1": 4.135472845426213,
        "freq2": 28.99881286295732
    },
    "вольфсбург_PROPN": {
        "difference": 6.6493751053251735,
        "freq1": 2.017303827037177,
        "freq2": 13.413809847378205
    },
    "русгидро_PROPN": {
        "difference": 6.634631479814475,
        "freq1": 4.101851114975593,
        "freq2": 27.214270532929177
    },
    "гэс_NOUN": {
        "difference": 6.494660351548349,
        "freq1": 15.936700233593696,
        "freq2": 103.50345514163229
    },
    "экспресс_NOUN": {
        "difference": 6.470455737228091,
        "freq1": 7.699376273191892,
        "freq2": 49.818473379952316
    },
    "джексон_PROPN": {
        "difference": 6.200939119012751,
        "freq1": 10.35549297879084,
        "freq2": 64.213781508846
    },
    "орви_NOUN": {
        "difference": 6.1923227144935105,
        "freq1": 1.7147082529816005,
        "freq2": 10.618026863667449
    },
    "охотный_ADJ": {
        "difference": 6.145763897091305,
        "freq1": 5.110503028494181,
        "freq2": 31.40794500849531
    },
    "снв_PROPN": {
        "difference": 6.083885726866435,
        "freq1": 5.21136821984604,
        "freq2": 31.70536873016667
    },
    "заболеть_VERB": {
        "difference": 5.941897898833848,
        "freq1": 9.145110682568534,
        "freq2": 54.33931394935695
    },
    "лиза_PROPN": {
        "difference": 5.808988451215341,
        "freq1": 2.017303827037177,