{
    "джиоева_PROPN": {
        "difference": 705.3924396867004,
        "freq1": 0.031102194595732432,
        "freq2": 21.93925292549421
    },
    "фукусим_PROPN": {
        "difference": 478.4019741860978,
        "freq1": 0.18661316757439458,
        "freq2": 89.27610777671146
    },
    "пнс_PROPN": {
        "difference": 394.80686482242754,
        "freq1": 0.09330658378719729,
        "freq2": 36.83807981231451
    },
    "бенгази_PROPN": {
        "difference": 391.9107795729371,
        "freq1": 0.12440877838292973,
        "freq2": 48.75714132177075
    },
    "булгария_PROPN": {
        "difference": 386.2751542225773,
        "freq1": 0.12440877838292973,
        "freq2": 48.05602005650862
    },
    "хам_PROPN": {
        "difference": 371.9512731237462,
        "freq1": 0.031102194595732432,
        "freq2": 11.568500876825176
    },
    "еффс_PROPN": {
        "difference": 359.74075153129996,
        "freq1": 0.031102194595732432,
        "freq2": 11.188726858141521
    },
    "гиффордс_PROPN": {
        "difference": 358.8014806395733,
        "freq1": 0.031102194595732432,
        "freq2": 11.159513472088932
    },
    "туношн_PROPN": {
        "difference": 349.408771722307,
        "freq1": 0.031102194595732432,
        "freq2": 10.867379611563043
    },
    "tepco_PROPN": {
        "difference": 312.7772069449683,
        "freq1": 0.062204389191464864,
        "freq2": 19.456115111024157
    },
    "тахрир_PROPN": {
        "difference": 186.4452720077364,
        "freq1": 0.12440877838292973,
        "freq2": 23.19542852575553
    },
    "лукашевич_PROPN": {
        "difference": 140.89063375899477,
        "freq1": 0.09330658378719729,
        "freq2": 13.146023723664973
    },
    "хомс_PROPN": {
        "difference": 131.96756028759174,
        "freq1": 0.12440877838292973,
        "freq2": 16.41792296155492
    },
    "мияга_PROPN": {
        "difference": 118.0350420603134,
        "freq1": 0.09330658378719729,
        "freq2": 11.013446541825989
    },
    "муамара::каддафи_PROPN": {
        "difference": 90.41503279490273,
        "freq1": 0.7153504757018458,
        "freq2": 64.67843672043166
    },
    "мавроди_PROPN": {
        "difference": 58.90570306685591,
        "freq1": 0.21771536217012702,
        "freq2": 12.824676477086495
    },
    "каддафи_PROPN": {
        "difference": 47.78693140700104,
        "freq1": 4.789737967742794,
        "freq2": 228.88687972203346
    },
    "муаммара::каддафи_PROPN": {
        "difference": 46.17257962487759,
        "freq1": 0.5909416973189161,
        "freq2": 27.285302573117967
    },
    "р-спорт_PROPN": {
        "difference": 39.4869482881876,
        "freq1": 5.442884054253176,
        "freq2": 214.922881188896
    },
    "башар::асад_PROPN": {
        "difference": 36.1006725341888,
        "freq1": 0.7153504757018458,
        "freq2": 25.824633270488523
    },
    "сирт_PROPN": {
        "difference": 30.492758592125295,
        "freq1": 0.8708614486805081,
        "freq2": 26.554967921803243
    },
    "джамахирия_PROPN": {
        "difference": 29.629727220831022,
        "freq1": 0.34212414055305673,
        "freq2": 10.137044960248323
    },
    "ливия_PROPN": {
        "difference": 28.082119505625872,
        "freq1": 18.256988227694936,
        "freq2": 512.6949252229339
    },
    "наталия::шмаков_PROPN": {
        "difference": 27.507218971994213,
        "freq1": 0.43543072434025404,
        "freq2": 11.977488281561419
    },
    "континент_PROPN": {
        "difference": 27.113619741175437,
        "freq1": 0.4665329189359865,
        "freq2": 12.649396160770962
    },
    "йод_NOUN": {
        "difference": 26.910111047968,
        "freq1": 0.6220438919146486,
        "freq2": 16.739270208133398
    },
    "фобос-грунт_PROPN": {
        "difference": 23.325227144544687,
        "freq1": 0.7464526702975783,
        "freq2": 17.41117808734294
    },
    "североафриканский_ADJ": {
        "difference": 22.54250140143916,
        "freq1": 0.8086570594890432,
        "freq2": 18.229152896815428
    },
    "переаттестация_NOUN": {
        "difference": 21.64592464115465,
        "freq1": 0.6842482811061135,
        "freq2": 14.811186728662536
    },
    "муамар::каддафи_PROPN": {
        "difference": 20.385657131548378,
        "freq1": 0.8397592540847756,
        "freq2": 17.119044226817053
    },
    "ливийский_ADJ": {
        "difference": 19.1461172233658,
        "freq1": 12.067651503144184,
        "freq2": 231.04867028992504
    },
    "мубарак_PROPN": {
        "difference": 18.896574153080163,
        "freq1": 5.256270886678781,
        "freq2": 99.325512578802
    },
    "цезия_NOUN": {
        "difference": 18.87487220517327,
        "freq1": 0.653146086510381,
        "freq2": 12.328048914192484
    },
    "нпс_PROPN": {
        "difference": 18.472327537290422,
        "freq1": 0.5598395027231837,
        "freq2": 10.341538662616443
    },
    "ссагпз_PROPN": {
        "difference": 18.14275880335126,
        "freq1": 0.5909416973189161,
        "freq2": 10.7213126813001
    },
    "сирийский_ADJ": {
        "difference": 17.64420370108478,
        "freq1": 6.220438919146486,
        "freq2": 109.75469139957623
    },
    "мятежника_NOUN": {
        "difference": 17.53907761281845,
        "freq1": 1.6173141189780864,
        "freq2": 28.36619785706375
    },
    "триполи_PROPN": {
        "difference": 17.345202467218467,
        "freq1": 4.6653291893598645,
        "freq2": 80.92107936567105
    },
    "тунис_PROPN": {
        "difference": 14.865768151750345,
        "freq1": 6.469256475912346,
        "freq2": 96.17046688512242
    },
    "радиация_NOUN": {
        "difference": 13.806575889665904,
        "freq1": 4.136591881232413,
        "freq2": 57.11216973281116
    },
    "гу::мвд_PROPN": {
        "difference": 13.590075714669702,
        "freq1": 0.9952702270634378,
        "freq2": 13.525797742348626
    },
    "банк::москва_PROPN": {
        "difference": 13.484854030344332,
        "freq1": 5.318475275870245,
        "freq2": 71.71886275910556
    },
    "тимофей::дьяконов_PROPN": {
        "difference": 13.351064818114265,
        "freq1": 0.8708614486805081,
        "freq2": 11.626927648930353
    },
    "стросс-кан_PROPN": {
        "difference": 13.295541415647667,
        "freq1": 1.803927286552481,
        "freq2": 23.984189949175427
    },
    "видеорепортаж_NOUN": {
        "difference": 13.007478712699113,
        "freq1": 1.02637242165917,
        "freq2": 13.350517426033093
    },
    "хосни_PROPN": {
        "difference": 12.71292230197441,
        "freq1": 4.012183102849484,
        "freq2": 51.00657204782009
    },
    "редакция_PROPN": {
        "difference": 11.314435569304711,
        "freq1": 2.7058909298287217,
        "freq2": 30.61562858311309
    },
    "барабаш_NOUN": {
        "difference": 10.697251822442196,
        "freq1": 1.1196790054463674,
        "freq2": 11.977488281561419
    },
    "aar_PROPN": {
        "difference": 10.66199390608609,
        "freq1": 1.1507812000420998,
        "freq2": 12.269622142087307
    },
    "бородин_PROPN": {
        "difference": 9.750526399828843,
        "freq1": 1.9594382595311433,
        "freq2": 19.105554478393092
    },
    "rian_PROPN": {
        "difference": 9.456388299756258,
        "freq1": 3.6700589622964266,
        "freq2": 34.70550263047552
    },
    "печерский_ADJ": {
        "difference": 9.433546782123997,
        "freq1": 2.8614019028073834,
        "freq2": 26.993168712592077
    },
    "олег::богатов_PROPN": {
        "difference": 9.345745372679986,
        "freq1": 1.2440877838292972,
        "freq2": 11.626927648930353
    },
    "тунисский_ADJ": {
        "difference": 9.174663888829778,
        "freq1": 1.7417228973610162,
        "freq2": 15.97972217076609
    },
    "антиправительстветь_ADJ": {
        "difference": 9.03787324705848,
        "freq1": 1.3995987568079593,
        "freq2": 12.649396160770962
    },