{
    "семен::галькевич_PROPN": {
        "difference": 551.3838984089549,
        "freq1": 0.027874997250828395,
        "freq2": 15.369824652300661
    },
    "медвешчак_PROPN": {
        "difference": 371.9138452013343,
        "freq1": 0.027874997250828395,
        "freq2": 10.36709741253221
    },
    "фотопул_NOUN": {
        "difference": 255.51057775944386,
        "freq1": 0.08362499175248518,
        "freq2": 21.367069957806216
    },
    "дмитриченко_PROPN": {
        "difference": 202.17409608328347,
        "freq1": 0.05574999450165679,
        "freq2": 11.271204745020485
    },
    "конина_NOUN": {
        "difference": 149.5583776730172,
        "freq1": 0.08362499175248518,
        "freq2": 12.506818099421126
    },
    "хост-агентство_NOUN": {
        "difference": 148.11685114122906,
        "freq1": 0.19512498075579876,
        "freq2": 28.90129772854183
    },
    "анб_PROPN": {
        "difference": 141.62998174818253,
        "freq1": 0.25087497525745556,
        "freq2": 35.53141816678917
    },
    "матвеевский_ADJ": {
        "difference": 124.69204499967218,
        "freq1": 0.08362499175248518,
        "freq2": 10.427371234698096
    },
    "владислав::баумгертнер_PROPN": {
        "difference": 97.84361334511848,
        "freq1": 0.16724998350497036,
        "freq2": 16.364342718037765
    },
    "озхо_PROPN": {
        "difference": 97.14859162443493,
        "freq1": 0.19512498075579876,
        "freq2": 18.95611707117082
    },
    "коротко_ADJ": {
        "difference": 82.88777557781677,
        "freq1": 0.16724998350497036,
        "freq2": 13.86297909815354
    },
    "sunrise_PROPN": {
        "difference": 78.5992341457471,
        "freq1": 0.278749972508284,
        "freq2": 21.90953435729918
    },
    "баумгертнер_PROPN": {
        "difference": 68.78784418876424,
        "freq1": 0.22299997800662716,
        "freq2": 15.339687741217721
    },
    "тамерлан_PROPN": {
        "difference": 53.07438594310796,
        "freq1": 0.30662496975911235,
        "freq2": 16.273931984788938
    },
    "roshen_PROPN": {
        "difference": 52.58295644363474,
        "freq1": 0.30662496975911235,
        "freq2": 16.123247429374224
    },
    "филин_PROPN": {
        "difference": 51.827383588194664,
        "freq1": 0.4459999560132543,
        "freq2": 23.11501080061688
    },
    "ганс_PROPN": {
        "difference": 47.75056636548139,
        "freq1": 0.3344999670099407,
        "freq2": 15.972562873959511
    },
    "ъ_PROPN": {
        "difference": 42.39070862456012,
        "freq1": 3.0662496975911235,
        "freq2": 129.9804975007309
    },
    "бкк_PROPN": {
        "difference": 40.886934356172056,
        "freq1": 0.30662496975911235,
        "freq2": 12.53695501050407
    },
    "мок_NOUN": {
        "difference": 39.29961707287355,
        "freq1": 0.557499945016568,
        "freq2": 21.90953435729918
    },
    "амиров_PROPN": {
        "difference": 36.578735744123485,
        "freq1": 0.5017499505149111,
        "freq2": 18.35337884951197
    },
    "химоружие_NOUN": {
        "difference": 34.78823206144362,
        "freq1": 2.202124782815443,
        "freq2": 76.60802797283976
    },
    "digit.ru_NOUN": {
        "difference": 33.77645787413882,
        "freq1": 0.8083749202740235,
        "freq2": 27.304041441145884
    },
    "greenpeace_PROPN": {
        "difference": 32.694622589027716,
        "freq1": 1.5052498515447335,
        "freq2": 49.21357579844506
    },
    "незалежность_PROPN": {
        "difference": 29.87374062587217,
        "freq1": 0.5296249477657395,
        "freq2": 15.8218783185448
    },
    "gang_PROPN": {
        "difference": 29.19091226870938,
        "freq1": 0.3902499615115975,
        "freq2": 11.391752389352256
    },
    "майдан_PROPN": {
        "difference": 27.547572022470927,
        "freq1": 0.6968749312707099,
        "freq2": 19.197212359834356
    },
    "россиус_PROPN": {
        "difference": 24.866332673345024,
        "freq1": 0.41812495876242595,
        "freq2": 10.397234323615153
    },
    "керри_PROPN": {
        "difference": 24.36101494888669,
        "freq1": 2.5644997470762125,
        "freq2": 62.47381667493975
    },
    "евроинтеграция_NOUN": {
        "difference": 24.351501769134988,
        "freq1": 2.341499769069585,
        "freq2": 57.01903576892717
    },
    "мадуро_PROPN": {
        "difference": 23.91623564103013,
        "freq1": 0.9198749092773371,
        "freq2": 21.999945090548007
    },
    "бирюлево_PROPN": {
        "difference": 23.244615325083394,
        "freq1": 1.4494998570430766,
        "freq2": 33.693066590729686
    },
    "семен::нехорошкин_PROPN": {
        "difference": 23.08244359025723,
        "freq1": 0.557499945016568,
        "freq2": 12.868461032416437
    },
    "эстафета_PROPN": {
        "difference": 20.747685439664693,
        "freq1": 0.5853749422673963,
        "freq2": 12.145175166425817
    },
    "сергей::филин_PROPN": {
        "difference": 19.497889037720313,
        "freq1": 0.8083749202740235,
        "freq2": 15.761604496378915
    },
    "бостонский_ADJ": {
        "difference": 19.460608179139587,
        "freq1": 0.9756249037789938,
        "freq2": 18.98625398225376
    },
    "франциск_PROPN": {
        "difference": 18.240854959934257,
        "freq1": 1.0871248927823074,
        "freq2": 19.83008749257615
    },
    "вадим::дубнов_PROPN": {
        "difference": 16.57755511556335,
        "freq1": 1.1707498845347926,
        "freq2": 19.408170737414952
    },
    "александр::рогулев_PROPN": {
        "difference": 16.454497972605825,
        "freq1": 1.1428748872839642,
        "freq2": 18.805432515756102
    },
    "майданин_PROPN": {
        "difference": 15.888129382969035,
        "freq1": 1.2822498735381063,
        "freq2": 20.372551892069115
    },
    "ясно_ADJ": {
        "difference": 15.19780829228044,
        "freq1": 0.9756249037789938,
        "freq2": 14.827360252807699
    },
    "сергей::полонский_PROPN": {
        "difference": 14.039214918284273,
        "freq1": 1.9233748103071595,
        "freq2": 27.002672330316457
    },
    "беларуськалий_PROPN": {
        "difference": 13.915381117341749,
        "freq1": 0.8641249147756802,
        "freq2": 12.024627522094049
    },
    "уралкалий_PROPN": {
        "difference": 13.400857758474721,
        "freq1": 4.5157495546342,
        "freq2": 60.514917454548495
    },
    "сергей::петухов_PROPN": {
        "difference": 13.379168123158466,
        "freq1": 1.337999868039763,
        "freq2": 17.90132518326783
    },
    "приразломный_ADJ": {
        "difference": 13.35986196425059,
        "freq1": 1.9512498075579876,
        "freq2": 26.06842808674524
    },
    "факелоносец_NOUN": {
        "difference": 13.063834194329814,
        "freq1": 1.0034999010298222,
        "freq2": 13.109556321079976
    },
    "неделя_PROPN": {
        "difference": 12.071131576968845,
        "freq1": 3.038374700340295,
        "freq2": 36.67662078794099
    },
    "обзорный_ADJ": {
        "difference": 12.056022767309344,
        "freq1": 2.3972497635712418,
        "freq2": 28.90129772854183
    },
    "подробно_ADV": {
        "difference": 11.974893526320377,
        "freq1": 50.89974498001265,
        "freq2": 609.5190266525116
    },
    "калийный_ADJ": {
        "difference": 11.452127446983377,
        "freq1": 1.5052498515447335,
        "freq2": 17.238313139443097
    },
    "камбоджийский_ADJ": {
        "difference": 11.38580721592021,
        "freq1": 0.8919999120265086,
        "freq2": 10.156139034951615
    },
    "ммпц_PROPN": {
        "difference": 11.162090577224209,
        "freq1": 1.0313748982806505,
        "freq2": 11.512300033684026
    },
    "экс-сотрудник_NOUN": {
        "difference": 10.740164709366415,
        "freq1": 2.5366247498253838,
        "freq2": 27.243767618979998
    },
    "arctic_PROPN": {
        "difference": 10.643685124797608,
        "freq1": 1.616749840548047,