{
    "кешбэкий_NOUN": {
        "difference": 1627.2667214511519,
        "freq1": 0.029011007501521267,
        "freq2": 47.20864706299528
    },
    "пандемия_NOUN": {
        "difference": 1488.244146933065,
        "freq1": 0.6962641800365104,
        "freq2": 1036.2110906584862
    },
    "цитируемый_ADJ": {
        "difference": 1375.713032348001,
        "freq1": 0.058022015003042535,
        "freq2": 79.82164220277686
    },
    "самоизоляция_NOUN": {
        "difference": 1346.2268856399394,
        "freq1": 0.20307705251064886,
        "freq2": 273.38778794634925
    },
    "пашаев_PROPN": {
        "difference": 832.0622024181145,
        "freq1": 0.029011007501521267,
        "freq2": 24.138962796084225
    },
    "оперштаб_NOUN": {
        "difference": 824.6906657410991,
        "freq1": 0.029011007501521267,
        "freq2": 23.925107090249593
    },
    "пандемий_NOUN": {
        "difference": 745.4466464631835,
        "freq1": 0.029011007501521267,
        "freq2": 21.626158252527286
    },
    "дистанцирование_NOUN": {
        "difference": 727.0178047706448,
        "freq1": 0.029011007501521267,
        "freq2": 21.091518987940702
    },
    "телегра_PROPN": {
        "difference": 572.9243361568805,
        "freq1": 0.3771430975197764,
        "freq2": 216.07445878266756
    },
    "шарит_VERB": {
        "difference": 554.7081349454097,
        "freq1": 0.029011007501521267,
        "freq2": 16.09264186405615
    },
    "михаил::мурашко_PROPN": {
        "difference": 532.5935249143635,
        "freq1": 0.029011007501521267,
        "freq2": 15.451074746552251
    },
    "карабахй_PROPN": {
        "difference": 496.1965625715999,
        "freq1": 0.058022015003042535,
        "freq2": 28.7903243979875
    },
    "аудиоролик_NOUN": {
        "difference": 480.99276817525555,
        "freq1": 0.058022015003042535,
        "freq2": 27.908169611419638
    },
    "касем::сулеймани_PROPN": {
        "difference": 477.7677208790613,
        "freq1": 0.058022015003042535,
        "freq2": 27.721045868814333
    },
    "агдамский_ADJ": {
        "difference": 457.0352739749555,
        "freq1": 0.029011007501521267,
        "freq2": 13.25905376174726
    },
    "sars_PROPN": {
        "difference": 439.06715332473044,
        "freq1": 0.1740660450091276,
        "freq2": 76.42668287265205
    },
    "тест-система_NOUN": {
        "difference": 435.8421060285362,
        "freq1": 0.029011007501521267,
        "freq2": 12.644218607472691
    },
    "коечный_ADJ": {
        "difference": 433.99922185928233,
        "freq1": 0.029011007501521267,
        "freq2": 12.590754681014033
    },
    "moderna_PROPN": {
        "difference": 395.29865430495147,
        "freq1": 0.029011007501521267,
        "freq2": 11.468012225382209
    },
    "нагорн_ADJ": {
        "difference": 328.42828587774017,
        "freq1": 0.40615410502129773,
        "freq2": 133.39249651435247
    },
    "заражений_NOUN": {
        "difference": 313.290308773155,
        "freq1": 0.0870330225045638,
        "freq2": 27.26660249391574
    },
    "отборный_ADJ": {
        "difference": 293.50355242958733,
        "freq1": 0.5512091425289041,
        "freq2": 161.78184146390007
    },
    "бессимптомный_ADJ": {
        "difference": 283.80416206509335,
        "freq1": 0.058022015003042535,
        "freq2": 16.46688934926676
    },
    "университет::джонс::хопкинс_PROPN": {
        "difference": 242.03212089533932,
        "freq1": 0.0870330225045638,
        "freq2": 21.06478702471137
    },
    "эльман::пашаев_PROPN": {
        "difference": 239.57494200300084,
        "freq1": 0.058022015003042535,
        "freq2": 13.90062087925116
    },
    "удаленка_NOUN": {
        "difference": 238.6534999183739,
        "freq1": 0.058022015003042535,
        "freq2": 13.847156952792501
    },
    "уханя_PROPN": {
        "difference": 234.96773157986624,
        "freq1": 0.058022015003042535,
        "freq2": 13.63330124695787
    },
    "ивл_NOUN": {
        "difference": 208.24591112568535,
        "freq1": 0.11604403000608507,
        "freq2": 24.165694759313556
    },
    "выздороветь_VERB": {
        "difference": 151.52785995231008,
        "freq1": 1.624616420085191,
        "freq2": 246.17464937889218
    },
    "излечиваться_VERB": {
        "difference": 147.06215670645744,
        "freq1": 0.2901100750152127,
        "freq2": 42.66421331400933
    },
    "14-дневный_ADJ": {
        "difference": 144.66640728642747,
        "freq1": 0.0870330225045638,
        "freq2": 12.590754681014033
    },
    "тедрос_PROPN": {
        "difference": 143.74496520180054,
        "freq1": 0.0870330225045638,
        "freq2": 12.510558791326046
    },
    "карабахо_PROPN": {
        "difference": 139.62455437054427,
        "freq1": 1.537583397580627,
        "freq2": 214.68439669474245
    },
    "сулеймани_PROPN": {
        "difference": 138.8613221532778,
        "freq1": 0.2901100750152127,
        "freq2": 40.28506858659904
    },
    "вирусолог_NOUN": {
        "difference": 131.61264442087932,
        "freq1": 0.1740660450091276,
        "freq2": 22.909292487535087
    },
    "самоизолироваться_VERB": {
        "difference": 125.0089761477197,
        "freq1": 0.0870330225045638,
        "freq2": 10.879909034336967
    },
    "проценко_PROPN": {
        "difference": 114.94990005720908,
        "freq1": 0.11604403000608507,
        "freq2": 13.33924965143525
    },
    "сергей::захаров_PROPN": {
        "difference": 106.88728181672347,
        "freq1": 0.3191210825167339,
        "freq2": 34.109985080624
    },
    "гебрейесус_PROPN": {
        "difference": 103.9386671459173,
        "freq1": 0.14505503750760634,
        "freq2": 15.076827261341643
    },
    "переболеть_VERB": {
        "difference": 103.72805181228827,
        "freq1": 0.40615410502129773,
        "freq2": 42.12957404942274
    },
    "миннеаполис_PROPN": {
        "difference": 103.43187399937248,
        "freq1": 0.23208806001217014,
        "freq2": 24.005302979937582
    },
    "вылечиваться_VERB": {
        "difference": 98.0045801209199,
        "freq1": 0.7252751875380316,
        "freq2": 71.08029022678622
    },
    "astrazeneca_PROPN": {
        "difference": 97.4885725535288,
        "freq1": 0.14505503750760634,
        "freq2": 14.141208548315122
    },
    "пцр_PROPN": {
        "difference": 97.21213992814073,
        "freq1": 0.11604403000608507,
        "freq2": 11.280888482776904
    },
    "антисептик_NOUN": {
        "difference": 96.29069784351381,
        "freq1": 0.11604403000608507,
        "freq2": 11.173960629859588
    },
    "мурашко_PROPN": {
        "difference": 94.25036179898275,
        "freq1": 0.40615410502129773,
        "freq2": 38.28017134439935
    },
    "выборщик_NOUN": {
        "difference": 93.31695293403601,
        "freq1": 0.3191210825167339,
        "freq2": 29.779407037472676
    },
    "заразиться_VERB": {
        "difference": 93.14388619601432,
        "freq1": 3.075166795161254,
        "freq2": 286.43298600226194
    },
    "инфекционист_NOUN": {
        "difference": 90.76204533575223,
        "freq1": 0.11604403000608507,
        "freq2": 10.532393512355686
    },
    "смертельный_NOUN": {
        "difference": 90.30132429343877,
        "freq1": 0.11604403000608507,
        "freq2": 10.478929585897028
    },
    "михаил::мишустина_PROPN": {
        "difference": 89.74845904266262,
        "freq1": 0.14505503750760634,
        "freq2": 13.018466092683298
    },
    "вакцина_NOUN": {
        "difference": 87.14277281778463,
        "freq1": 5.6281354552951255,
        "freq2": 490.451329368502
    },
    "вакцина_PROPN": {
        "difference": 81.45548028102029,
        "freq1": 0.14505503750760634,
        "freq2": 11.815527747363486
    },
    "антитело_VERB": {
        "difference": 78.32257719328874,
        "freq1": 0.14505503750760634,
        "freq2": 11.361084372464891
    },