{
    "москва_NOUN": {
        "difference": 7769.4112362321175,
        "freq1": 0.20848052927368926,
        "freq2": 1619.7709666746202
    },
    "корресподент_PROPN": {
        "difference": 3149.229762771863,
        "freq1": 0.20848052927368926,
        "freq2": 656.5530877471328
    },
    "ющенко_PROPN": {
        "difference": 561.338118006434,
        "freq1": 0.20848052927368926,
        "freq2": 117.028067943478
    },
    "мар_NOUN": {
        "difference": 369.03542453853646,
        "freq1": 0.20848052927368926,
        "freq2": 76.9367006285347
    },
    "беслан_PROPN": {
        "difference": 303.2955833056661,
        "freq1": 0.6254415878210678,
        "freq2": 189.69367120181278
    },
    "баку_NOUN": {
        "difference": 222.07683208721696,
        "freq1": 0.20848052927368926,
        "freq2": 46.29869549296721
    },
    "фрадков_PROPN": {
        "difference": 148.3243786265176,
        "freq1": 0.6254415878210678,
        "freq2": 92.76823488074243
    },
    "мадрид_NOUN": {
        "difference": 144.77333457100244,
        "freq1": 0.20848052927368926,
        "freq2": 30.182421416079485
    },
    "теловек_NOUN": {
        "difference": 138.76387540013064,
        "freq1": 0.20848052927368926,
        "freq2": 28.929566187487506
    },
    "приволжье_PROPN": {
        "difference": 126.19864258830778,
        "freq1": 0.20848052927368926,
        "freq2": 26.30995980043155
    },
    "нью-йорк_NOUN": {
        "difference": 117.45761106703972,
        "freq1": 0.20848052927368926,
        "freq2": 24.487624922479583
    },
    ".вать_VERB": {
        "difference": 108.98973678081127,
        "freq1": 0.20848052927368926,
        "freq2": 22.722238009463613
    },
    "курсор_PROPN": {
        "difference": 101.06817696466209,
        "freq1": 0.20848052927368926,
        "freq2": 21.07074702631964
    },
    "виктор::ющенко_PROPN": {
        "difference": 95.80990019014926,
        "freq1": 0.833922117094757,
        "freq2": 79.89799480520664
    },
    "тюмень_NOUN": {
        "difference": 88.50294415283925,
        "freq1": 0.20848052927368926,
        "freq2": 18.451140639263688
    },
    "женева_NOUN": {
        "difference": 87.13715797764108,
        "freq1": 0.20848052927368926,
        "freq2": 18.16640081458369
    },
    "игорь::кузнецов_PROPN": {
        "difference": 83.85927115716558,
        "freq1": 0.4169610585473785,
        "freq2": 34.96605047070341
    },
    "с.готреть_NOUN": {
        "difference": 78.66928369141264,
        "freq1": 0.20848052927368926,
        "freq2": 16.40101390156772
    },
    "области_NOUN": {
        "difference": 73.75245346069936,
        "freq1": 0.20848052927368926,
        "freq2": 15.375950532719738
    },
    "рио-де-жанейро_ADV": {
        "difference": 67.46983705478793,
        "freq1": 0.20848052927368926,
        "freq2": 14.06614733919176
    },
    "мжд_PROPN": {
        "difference": 66.10405087958979,
        "freq1": 0.4169610585473785,
        "freq2": 27.56281502902353
    },
    "варшава_NOUN": {
        "difference": 63.78221438175297,
        "freq1": 0.4169610585473785,
        "freq2": 26.59469962511155
    },
    "еврокомиссар_NOUN": {
        "difference": 63.09932129415389,
        "freq1": 0.20848052927368926,
        "freq2": 13.154979900215775
    },
    "осканян_PROPN": {
        "difference": 62.82616405911428,
        "freq1": 0.20848052927368926,
        "freq2": 13.098031935279778
    },
    "абу-даби_NOUN": {
        "difference": 59.00196276855949,
        "freq1": 0.20848052927368926,
        "freq2": 12.30076042617579
    },
    "тысяч_NOUN": {
        "difference": 59.00196276855949,
        "freq1": 0.20848052927368926,
        "freq2": 12.30076042617579
    },
    "михаил::фрадков_PROPN": {
        "difference": 57.49959797584154,
        "freq1": 0.833922117094757,
        "freq2": 47.950186476111185
    },
    "сергей::лавров_PROPN": {
        "difference": 57.36301935832172,
        "freq1": 0.4169610585473785,
        "freq2": 23.918145273119592
    },
    "хана_ADJ": {
        "difference": 55.45091871304433,
        "freq1": 0.20848052927368926,
        "freq2": 11.560436882007803
    },
    "южноосетинский_ADJ": {
        "difference": 54.494868390405635,
        "freq1": 0.4169610585473785,
        "freq2": 22.722238009463613
    },
    "армия::махди_PROPN": {
        "difference": 54.35828977288583,
        "freq1": 0.20848052927368926,
        "freq2": 11.332645022263808
    },
    "багдад_NOUN": {
        "difference": 53.90302771448644,
        "freq1": 0.6254415878210678,
        "freq2": 33.713195242111425
    },
    "владивосток_NOUN": {
        "difference": 53.26566083272732,
        "freq1": 0.20848052927368926,
        "freq2": 11.104853162519811
    },
    "трансвааль_PROPN": {
        "difference": 52.446189127608434,
        "freq1": 0.4169610585473785,
        "freq2": 21.868018535423627
    },
    "кобо_ADV": {
        "difference": 52.446189127608434,
        "freq1": 0.20848052927368926,
        "freq2": 10.934009267711813
    },
    "тирасполь_NOUN": {
        "difference": 52.446189127608434,
        "freq1": 0.20848052927368926,
        "freq2": 10.934009267711813
    },
    "гектодар_NOUN": {
        "difference": 52.13888723818885,
        "freq1": 1.667844234189514,
        "freq2": 86.95954245727052
    },
    "европарламент_NOUN": {
        "difference": 51.080402952410296,
        "freq1": 0.20848052927368926,
        "freq2": 10.649269443031818
    },
    "годемик_NOUN": {
        "difference": 50.80724571737068,
        "freq1": 0.4169610585473785,
        "freq2": 21.18464295619164
    },
    "осетин_NOUN": {
        "difference": 49.714616777212164,
        "freq1": 0.20848052927368926,
        "freq2": 10.364529618351824
    },
    "ас-садра_PROPN": {
        "difference": 49.168302307132905,
        "freq1": 0.20848052927368926,
        "freq2": 10.250633688479825
    },
    "иа_PROPN": {
        "difference": 48.804092660413396,
        "freq1": 1.2508831756421357,
        "freq2": 61.048218411390955
    },
    ".представитель_NOUN": {
        "difference": 48.62198783705365,
        "freq1": 0.20848052927368926,
        "freq2": 10.136737758607827
    },
    "москвбыть_VERB": {
        "difference": 48.348830602014026,
        "freq1": 0.20848052927368926,
        "freq2": 10.079789793671829
    },
    "юганскнефтегаз_PROPN": {
        "difference": 46.13625699819304,
        "freq1": 2.0848052927368927,
        "freq2": 96.18511277690236
    },
    "аквапарк_NOUN": {
        "difference": 45.139233090298404,
        "freq1": 0.833922117094757,
        "freq2": 37.64260482269536
    },
    ".в_VERB": {
        "difference": 44.469997864451315,
        "freq1": 1.0424026463684464,
        "freq2": 46.35564345790321
    },
    "лавров_PROPN": {
        "difference": 43.41098827629769,
        "freq1": 2.7102468805579605,
        "freq2": 117.654495557774
    },
    "батумский_ADJ": {
        "difference": 38.924905993146886,
        "freq1": 0.4169610585473785,
        "freq2": 16.230170006759725
    },
    "мамонт_NOUN": {
        "difference": 36.14780743691067,
        "freq1": 0.6254415878210678,
        "freq2": 22.608342079591612
    },
    "бейрут_NOUN": {
        "difference": 33.91051960706229,
        "freq1": 1.459363704915825,
        "freq2": 49.487781529383156
    },
    "керри_PROPN": {
        "difference": 32.62277835616119,
        "freq1": 1.459363704915825,
        "freq2": 47.60849868649519
    },
    "нагорно-карабахский_ADJ": {
        "difference": 32.437421660955735,
        "freq1": 0.833922117094757,
        "freq2": 27.05028334459954
    },
    "году_NOUN": {
        "difference": 32.0276858083963,
        "freq1": 0.833922117094757,
        "freq2": 26.708595554983546
    },
    "шило_VERB": {
        "difference": 30.86676755947788,
        "freq1": 0.6254415878210678,
        "freq2": 19.30536011330367
    },