{
    "бакиев_PROPN": {
        "difference": 846.9695669646928,
        "freq1": 0.05694796493599903,
        "freq2": 48.23319320136361
    },
    "пасат_PROPN": {
        "difference": 571.6623617982369,
        "freq1": 0.05694796493599903,
        "freq2": 32.55500813491639
    },
    "ехануров_PROPN": {
        "difference": 415.06560289621626,
        "freq1": 0.05694796493599903,
        "freq2": 23.637141399873023
    },
    "сунгари_PROPN": {
        "difference": 412.5398487203772,
        "freq1": 0.05694796493599903,
        "freq2": 23.493304839630387
    },
    "катрина_PROPN": {
        "difference": 405.804504251473,
        "freq1": 0.11389592987199806,
        "freq2": 46.219481357966714
    },
    "андижан_PROPN": {
        "difference": 332.5576331521408,
        "freq1": 0.17084389480799708,
        "freq2": 56.81544129584083
    },
    "батискаф_NOUN": {
        "difference": 262.1171555815186,
        "freq1": 0.17084389480799708,
        "freq2": 44.78111575554037
    },
    "адамов_PROPN": {
        "difference": 248.36582729083932,
        "freq1": 0.28473982467999515,
        "freq2": 70.71964211929554
    },
    "ливан::рафик::харири_PROPN": {
        "difference": 223.9502035910619,
        "freq1": 0.05694796493599903,
        "freq2": 12.753508341513637
    },
    "корякия_PROPN": {
        "difference": 215.53102300493177,
        "freq1": 0.05694796493599903,
        "freq2": 12.274053140704854
    },
    "валерий::пасат_PROPN": {
        "difference": 180.17046454318512,
        "freq1": 0.05694796493599903,
        "freq2": 10.260341297307964
    },
    "караченцов_PROPN": {
        "difference": 106.92359344385287,
        "freq1": 0.11389592987199806,
        "freq2": 12.178162100543098
    },
    "глениглс_PROPN": {
        "difference": 105.23975732662684,
        "freq1": 0.11389592987199806,
        "freq2": 11.986380020219585
    },
    "ахмадинеджад_PROPN": {
        "difference": 103.97688023870732,
        "freq1": 0.11389592987199806,
        "freq2": 11.84254345997695
    },
    "камынин_PROPN": {
        "difference": 94.01418321178664,
        "freq1": 0.17084389480799708,
        "freq2": 16.061749227094243
    },
    "меркель_PROPN": {
        "difference": 87.72786170747614,
        "freq1": 0.28473982467999515,
        "freq2": 24.979615962137615
    },
    "тарасюк_PROPN": {
        "difference": 75.49198592230033,
        "freq1": 0.17084389480799708,
        "freq2": 12.897344901756274
    },
    "андижанский_ADJ": {
        "difference": 74.3694285108163,
        "freq1": 0.17084389480799708,
        "freq2": 12.70556282143276
    },
    "найденов_PROPN": {
        "difference": 57.03994847103175,
        "freq1": 0.22779185974399613,
        "freq2": 12.99323594191803
    },
    "юрий::ехануров_PROPN": {
        "difference": 54.09323526588619,
        "freq1": 0.22779185974399613,
        "freq2": 12.321998660785733
    },
    "кулов_PROPN": {
        "difference": 52.51463890598679,
        "freq1": 0.45558371948799226,
        "freq2": 23.924814520358293
    },
    "курманбек_PROPN": {
        "difference": 43.990218562530025,
        "freq1": 0.22779185974399613,
        "freq2": 10.020613696903574
    },
    "бенедикт_PROPN": {
        "difference": 43.90001305625005,
        "freq1": 0.3986357545519932,
        "freq2": 17.50011482952059
    },
    "оксана::гусев_PROPN": {
        "difference": 41.25398487203772,
        "freq1": 0.45558371948799226,
        "freq2": 18.79464387170431
    },
    "электрон_PROPN": {
        "difference": 33.00318789763018,
        "freq1": 0.5694796493599903,
        "freq2": 18.79464387170431
    },
    "энергокризис_NOUN": {
        "difference": 29.467132051455515,
        "freq1": 0.34168778961599416,
        "freq2": 10.06855921698445
    },
    "дискаверь_PROPN": {
        "difference": 25.959140140567957,
        "freq1": 0.6833755792319883,
        "freq2": 17.739842429924987
    },
    "орлеан_PROPN": {
        "difference": 23.81425365791099,
        "freq1": 1.5945430182079727,
        "freq2": 37.972851904055645
    },
    "яшин_PROPN": {
        "difference": 23.76079854307842,
        "freq1": 0.5125316844239912,
        "freq2": 12.178162100543098
    },
    "луценко_PROPN": {
        "difference": 23.76079854307842,
        "freq1": 0.5125316844239912,
        "freq2": 12.178162100543098
    },
    "лошадиный_ADJ": {
        "difference": 23.29306628829341,
        "freq1": 1.0250633688479824,
        "freq2": 23.876869000277413
    },
    "discovery_PROPN": {
        "difference": 22.357601778723396,
        "freq1": 0.5125316844239912,
        "freq2": 11.458979299329924
    },
    "пискун_PROPN": {
        "difference": 21.642246565522793,
        "freq1": 0.9681154039119836,
        "freq2": 20.952192275343837
    },
    "росатом_PROPN": {
        "difference": 18.574817168149636,
        "freq1": 0.9111674389759845,
        "freq2": 16.92476858855005
    },
    "роспотребнадзор_PROPN": {
        "difference": 18.558802422469498,
        "freq1": 1.3098031935279777,
        "freq2": 24.308378681005316
    },
    "некрасов_PROPN": {
        "difference": 17.60374122554485,
        "freq1": 0.6264276142959894,
        "freq2": 11.027469618602018
    },
    "порошенко_PROPN": {
        "difference": 17.135508722359006,
        "freq1": 0.9681154039119836,
        "freq2": 16.589149947983906
    },
    "скорпион_PROPN": {
        "difference": 15.41357676537673,
        "freq1": 0.7403235441679874,
        "freq2": 11.411033779249044
    },
    "оэз_PROPN": {
        "difference": 14.986141443311663,
        "freq1": 1.1389592987199806,
        "freq2": 17.068605148792688
    },
    "автошоу_NOUN": {
        "difference": 13.988792358493166,
        "freq1": 0.7403235441679874,
        "freq2": 10.35623233746972
    },
    "куала-лумпур_ADV": {
        "difference": 13.853378964450513,
        "freq1": 1.2528552285919787,
        "freq2": 17.356278269277958
    },
    "бензиновый_ADJ": {
        "difference": 13.470688937808236,
        "freq1": 0.8542194740399855,
        "freq2": 11.506924819410802
    },
    "георгий::гонгадзе_PROPN": {
        "difference": 13.438307474015428,
        "freq1": 1.4806470883359748,
        "freq2": 19.89739083356451
    },
    "йен_NOUN": {
        "difference": 12.894639739809858,
        "freq1": 1.0820113337839816,
        "freq2": 13.952146343535597
    },
    "хдс/хсс_PROPN": {
        "difference": 12.809181891755152,
        "freq1": 0.7972715091039864,
        "freq2": 10.212395777227085
    },
    "рябинская_ADJ": {
        "difference": 12.741026620343622,
        "freq1": 0.8542194740399855,
        "freq2": 10.883633058359383
    },
    "талабани_PROPN": {
        "difference": 12.331623329096509,
        "freq1": 0.9681154039119836,
        "freq2": 11.938434500138706
    },
    "роснефтегаз_PROPN": {
        "difference": 12.161038624410214,
        "freq1": 1.0250633688479824,
        "freq2": 12.465835221028367
    },
    "криворожсталь_PROPN": {
        "difference": 11.955236432304806,
        "freq1": 0.8542194740399855,
        "freq2": 10.212395777227085
    },
    "нальчик_PROPN": {
        "difference": 11.511770682619538,
        "freq1": 5.751744458535902,
        "freq2": 66.21276323169299
    },
    "кондолиза_PROPN": {
        "difference": 11.426030795462342,
        "freq1": 2.391814527311959,
        "freq2": 27.32894644610065
    },
    "алексей::ефимов_PROPN": {
        "difference": 11.365893791275699,
        "freq1": 1.2528552285919787,
        "freq2": 14.239819464020867
    },
    "рита_PROPN": {
        "difference": 10.712681504420773,
        "freq1": 1.651490983143972,
        "freq2": 17.691896909844107
    },
    "росимущество_PROPN": {
        "difference": 10.641844260868508,
        "freq1": 1.4236991233999756,
        "freq2": 15.150784345557556
    },
    "минздравсоцразвития_PROPN": {
        "difference": 10.59826262018736,