{
    "аккредитация_PROPN": {
        "difference": 390.96632356699394,
        "freq1": 0.03878441573915029,
        "freq2": 15.163400433229446
    },
    "лхася_PROPN": {
        "difference": 367.56035741109855,
        "freq1": 0.03878441573915029,
        "freq2": 14.255613711062717
    },
    "aar_PROPN": {
        "difference": 320.7484250993076,
        "freq1": 0.03878441573915029,
        "freq2": 12.440040266729255
    },
    "аккредитациоть_ADJ": {
        "difference": 306.0113352974476,
        "freq1": 0.03878441573915029,
        "freq2": 11.868470849068723
    },
    "телийский_NOUN": {
        "difference": 266.134504068885,
        "freq1": 0.03878441573915029,
        "freq2": 10.321871248340221
    },
    "телийский_ADJ": {
        "difference": 211.08713922076058,
        "freq1": 0.07756883147830058,
        "freq2": 16.37378272945175
    },
    "ноговицын_PROPN": {
        "difference": 157.77354964344323,
        "freq1": 0.11635324721745087,
        "freq2": 18.357464826038306
    },
    "пловек_NOUN": {
        "difference": 157.34010582574146,
        "freq1": 0.07756883147830058,
        "freq2": 12.204688153574919
    },
    "скп::рф_PROPN": {
        "difference": 136.31808066720578,
        "freq1": 0.15513766295660117,
        "freq2": 21.148068453439738
    },
    "скп_PROPN": {
        "difference": 93.85503465968932,
        "freq1": 0.5817662360872543,
        "freq2": 54.601690251806254
    },
    "фаина_PROPN": {
        "difference": 72.570879192353,
        "freq1": 0.2714909101740521,
        "freq2": 19.702334044063093
    },
    "неустрашимый_ADJ": {
        "difference": 65.8834602906686,
        "freq1": 0.15513766295660117,
        "freq2": 10.221006056988362
    },
    "noga_PROPN": {
        "difference": 64.87209138269782,
        "freq1": 0.23270649443490174,
        "freq2": 15.096156972328206
    },
    "дадли_VERB": {
        "difference": 53.680349730757314,
        "freq1": 0.5041974046089538,
        "freq2": 27.06549301274879
    },
    "бут_PROPN": {
        "difference": 50.279482853404986,
        "freq1": 0.23270649443490174,
        "freq2": 11.700362196815625
    },
    "теловек_NOUN": {
        "difference": 49.93272779924357,
        "freq1": 0.9696103934787573,
        "freq2": 48.415291848892245
    },
    "пдч_PROPN": {
        "difference": 44.037891878499536,
        "freq1": 0.3878441573915029,
        "freq2": 17.07983906891476
    },
    "бивалютный_ADJ": {
        "difference": 41.697295262909996,
        "freq1": 0.3878441573915029,
        "freq2": 16.172052346748032
    },
    "нестеренко_PROPN": {
        "difference": 40.74371886396611,
        "freq1": 0.31027532591320234,
        "freq2": 12.641770649432974
    },
    "рецессия_NOUN": {
        "difference": 39.04934757658647,
        "freq1": 0.8532571462613064,
        "freq2": 33.319134876564036
    },
    "беспилотник_NOUN": {
        "difference": 38.35977786660639,
        "freq1": 0.4654129888698035,
        "freq2": 17.853138869279015
    },
    "olimpizm.ru_NOUN": {
        "difference": 37.155882478205065,
        "freq1": 8.105942889482412,
        "freq2": 301.1834613766505
    },
    "область_PROPN": {
        "difference": 33.33033494741175,
        "freq1": 1.1247480564353585,
        "freq2": 37.48822945244087
    },
    "2х2_NOUN": {
        "difference": 31.593238268039915,
        "freq1": 0.34905974165235265,
        "freq2": 11.027927587803234
    },
    "рами_NOUN": {
        "difference": 27.5039804323485,
        "freq1": 0.4266285731306532,
        "freq2": 11.733983927266246
    },
    "зал_VERB": {
        "difference": 26.989101715563372,
        "freq1": 0.5817662360872543,
        "freq2": 15.701348120439361
    },
    "шинник_PROPN": {
        "difference": 24.908571390594886,
        "freq1": 1.1635324721745086,
        "freq2": 28.981931648434106
    },
    "репо_NOUN": {
        "difference": 23.405966155895424,
        "freq1": 0.9696103934787573,
        "freq2": 22.69466805416824
    },
    "fannie_PROPN": {
        "difference": 21.796031975860288,
        "freq1": 0.5429818203481042,
        "freq2": 11.834849118618104
    },
    "аденский_ADJ": {
        "difference": 21.072037906732064,
        "freq1": 0.5041974046089538,
        "freq2": 10.624466822395798
    },
    "край_PROPN": {
        "difference": 20.853463673873904,
        "freq1": 0.6981194833047053,
        "freq2": 14.558209285118291
    },
    "коллайдер_NOUN": {
        "difference": 20.45854819552341,
        "freq1": 0.9696103934787573,
        "freq2": 19.836820965865574
    },
    "обама_PROPN": {
        "difference": 20.14928017424431,
        "freq1": 7.175116911742804,
        "freq2": 144.57344093766434
    },
    "freddie_PROPN": {
        "difference": 19.938415614281286,
        "freq1": 0.5429818203481042,
        "freq2": 10.826197205099517
    },
    "алексанян_PROPN": {
        "difference": 19.418283033039167,
        "freq1": 1.1635324721745086,
        "freq2": 22.59380286281638
    },
    "энциклопедия_NOUN": {
        "difference": 18.882538257415373,
        "freq1": 16.367023441921422,
        "freq2": 309.0509463020955
    },
    "новости_NOUN": {
        "difference": 17.650795465299737,
        "freq1": 1.3962389666094106,
        "freq2": 24.644728420304176
    },
    "маккейн_PROPN": {
        "difference": 17.337752708070685,
        "freq1": 3.5293818322626764,
        "freq2": 61.1915494201277
    },
    "затворник_NOUN": {
        "difference": 16.88263669948383,
        "freq1": 1.5513766295660116,
        "freq2": 26.191328021032678
    },
    "джон::маккейн_PROPN": {
        "difference": 16.269847649964884,
        "freq1": 2.67612468600137,
        "freq2": 43.5401409335524
    },
    "сычуань_PROPN": {
        "difference": 16.205491306727293,
        "freq1": 1.9004363712183645,
        "freq2": 30.79750509276757
    },
    "улица_VERB": {
        "difference": 16.02792978450476,
        "freq1": 5.31346495626359,
        "freq2": 85.16384323141948
    },
    "ямадаев_PROPN": {
        "difference": 15.8206993461145,
        "freq1": 0.7756883147830058,
        "freq2": 12.27193161447616
    },
    "укргаз-энерго_PROPN": {
        "difference": 15.191173801357172,
        "freq1": 0.8144727305221562,
        "freq2": 12.372796805828019
    },
    "бруни_PROPN": {
        "difference": 14.929731498616423,
        "freq1": 0.6981194833047053,
        "freq2": 10.42273643969208
    },
    "пучок_NOUN": {
        "difference": 14.881571074427338,
        "freq1": 0.6981194833047053,
        "freq2": 10.389114709241461
    },
    "lehman_PROPN": {
        "difference": 14.6677387910278,
        "freq1": 0.9696103934787573,
        "freq2": 14.221991980612097
    },
    "airunion_PROPN": {
        "difference": 13.984937294671722,
        "freq1": 2.6373402702622197,
        "freq2": 36.883038304329716
    },
    "терек_PROPN": {
        "difference": 13.160930464762746,
        "freq1": 0.8532571462613064,
        "freq2": 11.22965797050695
    },
    "барак::обама_PROPN": {
        "difference": 12.991520141455688,
        "freq1": 5.701309113655093,
        "freq2": 74.068672182715
    },
    "пр_NOUN": {
        "difference": 12.680356392373266,
        "freq1": 1.978005202696665,
        "freq2": 25.081810916162233
    },
    "риа::новость_PROPN": {
        "difference": 11.449459335518375,
        "freq1": 2.0555740341749655,
        "freq2": 23.535211315433727
    },
    "тибет_PROPN": {
        "difference": 11.428358369022163,
        "freq1": 5.0807584618286885,
        "freq2": 58.06472848822007
    },
    "принуждение_NOUN": {
        "difference": 10.756483312762219,
        "freq1": 3.800872742436729,
        "freq2": 40.88402422795345
    },
    "буферный_ADJ": {
        "difference": 10.335967960580602,
        "freq1": 1.0083948092179076,
        "freq2": 10.42273643969208
    },
    "-вр_NOUN": {
        "difference": 10.001554360700476,