{
    "кондопога_PROPN": {
        "difference": 551.1218091578381,
        "freq1": 0.04794552008087834,
        "freq2": 26.42382176798713
    },
    "егаис_PROPN": {
        "difference": 285.3705160687835,
        "freq1": 0.04794552008087834,
        "freq2": 13.682237808666475
    },
    "екатерина::александров_PROPN": {
        "difference": 258.61703018733505,
        "freq1": 0.04794552008087834,
        "freq2": 12.399528014103993
    },
    "lse_PROPN": {
        "difference": 172.29244907652807,
        "freq1": 0.7191828012131751,
        "freq2": 123.90976615473578
    },
    "ковтун_PROPN": {
        "difference": 157.84556670054587,
        "freq1": 0.09589104016175667,
        "freq2": 15.135975575837287
    },
    "rosukrenergo_PROPN": {
        "difference": 129.9030370021442,
        "freq1": 0.143836560242635,
        "freq2": 18.684806007460157
    },
    "кодорский_ADJ": {
        "difference": 122.07516520720183,
        "freq1": 0.4315096807279051,
        "freq2": 52.67661556336593
    },
    "армавиа_PROPN": {
        "difference": 114.74272833599005,
        "freq1": 0.143836560242635,
        "freq2": 16.504199356703936
    },
    "политковская_PROPN": {
        "difference": 109.986553068177,
        "freq1": 0.143836560242635,
        "freq2": 15.820087466270612
    },
    "stock_PROPN": {
        "difference": 99.21084347703803,
        "freq1": 0.19178208032351335,
        "freq2": 19.026861952676818
    },
    "тиличика_PROPN": {
        "difference": 88.58376436301823,
        "freq1": 0.143836560242635,
        "freq2": 12.741583959320655
    },
    "nyse_PROPN": {
        "difference": 82.58900178587884,
        "freq1": 0.8630193614558102,
        "freq2": 71.27590758452192
    },
    "хиддинк_PROPN": {
        "difference": 81.82107765409653,
        "freq1": 0.19178208032351335,
        "freq2": 15.691816486814362
    },
    "владимир::супрун_PROPN": {
        "difference": 80.97388393451732,
        "freq1": 0.2397276004043917,
        "freq2": 19.41167489104556
    },
    "луговой_PROPN": {
        "difference": 74.61249951381737,
        "freq1": 0.143836560242635,
        "freq2": 10.732005281172766
    },
    "керимов_PROPN": {
        "difference": 71.34262901719589,
        "freq1": 0.143836560242635,
        "freq2": 10.261678356499855
    },
    "ольмерт_PROPN": {
        "difference": 60.52233028292117,
        "freq1": 0.7191828012131751,
        "freq2": 43.52661902882022
    },
    "хания_PROPN": {
        "difference": 55.439167965445975,
        "freq1": 0.28767312048527,
        "freq2": 15.94835844572686
    },
    "челябинск_ADJ": {
        "difference": 55.290537488326805,
        "freq1": 0.19178208032351335,
        "freq2": 10.603734301716518
    },
    "карикатура_NOUN": {
        "difference": 49.508332475239555,
        "freq1": 1.4863111225072285,
        "freq2": 73.58478521473438
    },
    "анна::политковская_PROPN": {
        "difference": 46.471795845923424,
        "freq1": 0.4315096807279051,
        "freq2": 20.053029788326803
    },
    "industrial_PROPN": {
        "difference": 46.194352288634335,
        "freq1": 0.2397276004043917,
        "freq2": 11.074061226389428
    },
    "александр::литвиненко_PROPN": {
        "difference": 37.72241509284232,
        "freq1": 0.4794552008087834,
        "freq2": 18.086208103330996
    },
    "сычева_PROPN": {
        "difference": 36.38474079876989,
        "freq1": 0.4794552008087834,
        "freq2": 17.444853206049753
    },
    "суррогатный_ADJ": {
        "difference": 36.364923401820676,
        "freq1": 0.4315096807279051,
        "freq2": 15.691816486814362
    },
    "бют_VERB": {
        "difference": 36.26583641707458,
        "freq1": 0.28767312048527,
        "freq2": 10.432706329108187
    },
    "литвиненко_PROPN": {
        "difference": 34.51638260442612,
        "freq1": 2.9246767249335783,
        "freq2": 100.94926083206732
    },
    "белтрансгаз_PROPN": {
        "difference": 33.66480306748931,
        "freq1": 0.3835641606470267,
        "freq2": 12.912611931928986
    },
    "эхуд_PROPN": {
        "difference": 33.218911636131836,
        "freq1": 0.3835641606470267,
        "freq2": 12.741583959320655
    },
    "бть_VERB": {
        "difference": 33.218911636131836,
        "freq1": 0.3835641606470267,
        "freq2": 12.741583959320655
    },
    "-редакция_NOUN": {
        "difference": 32.86856836863667,
        "freq1": 0.3356186405661484,
        "freq2": 11.031304233237346
    },
    "ольга::гринкруг_PROPN": {
        "difference": 32.41892995046107,
        "freq1": 0.8150738413749318,
        "freq2": 26.42382176798713
    },
    "arcelor_PROPN": {
        "difference": 31.99271019989878,
        "freq1": 1.15069248194108,
        "freq2": 36.81377110394323
    },
    "рпж_PROPN": {
        "difference": 28.23979065264004,
        "freq1": 0.57534624097054,
        "freq2": 16.24765739779144
    },
    "бть_NOUN": {
        "difference": 24.483493139992223,
        "freq1": 0.5274007208896617,
        "freq2": 12.912611931928986
    },
    "продя_PROPN": {
        "difference": 23.75385261595272,
        "freq1": 1.5822021626689853,
        "freq2": 37.583396980680725
    },
    "exchange_PROPN": {
        "difference": 23.380220270309305,
        "freq1": 1.1027469618602017,
        "freq2": 25.78246687070589
    },
    "чуркин_PROPN": {
        "difference": 20.592077011781537,
        "freq1": 0.5274007208896617,
        "freq2": 10.860276260629014
    },
    "зидан_PROPN": {
        "difference": 20.22939020158646,
        "freq1": 0.9109648815366884,
        "freq2": 18.428264048547657
    },
    "board_PROPN": {
        "difference": 18.970653625027087,
        "freq1": 0.5274007208896617,
        "freq2": 10.00513639758736
    },
    "index_PROPN": {
        "difference": 17.76705857255167,
        "freq1": 0.6232917610514184,
        "freq2": 11.074061226389428
    },
    "суррогат_NOUN": {
        "difference": 17.687026777179813,
        "freq1": 0.57534624097054,
        "freq2": 10.176164370195691
    },
    "ищенко_PROPN": {
        "difference": 16.73807834634211,
        "freq1": 0.6232917610514184,
        "freq2": 10.432706329108187
    },
    "эхуд::ольмерт_PROPN": {
        "difference": 16.366838421591996,
        "freq1": 0.8150738413749318,
        "freq2": 13.340181863449812
    },
    "соцпартия_PROPN": {
        "difference": 15.85391755937686,
        "freq1": 0.8630193614558102,
        "freq2": 13.682237808666475
    },
    "shinzo_PROPN": {
        "difference": 15.279213047849453,
        "freq1": 0.7191828012131751,
        "freq2": 10.988547240085264
    },
    "абэ_PROPN": {
        "difference": 15.243265211522957,
        "freq1": 2.0616573634777686,
        "freq2": 31.42638996678081
    },
    "эрнесто_PROPN": {
        "difference": 15.032911114337702,
        "freq1": 0.6712372811322967,
        "freq2": 10.090650383891525
    },
    "шестерка_NOUN": {
        "difference": 14.849221621021004,
        "freq1": 2.0616573634777686,
        "freq2": 30.61400709689124
    },
    "abe_PROPN": {
        "difference": 14.43573509019823,
        "freq1": 0.7671283212940534,
        "freq2": 11.074061226389428
    },
    "синдзо_PROPN": {
        "difference": 13.411042281597881,
        "freq1": 1.2465835221028367,
        "freq2": 16.71798432246435
    },
    "пулковский_ADJ": {
        "difference": 13.27765595597812,
        "freq1": 0.8630193614558102,
        "freq2": 11.458874164758173
    },
    "романо_PROPN": {
        "difference": 13.22386587854452,
        "freq1": 1.678093202830742,
        "freq2": 22.19087944593094
    },
    "бют_NOUN": {
        "difference": 12.867152733458543,
        "freq1": 1.3424745622645935,
        "freq2": 17.273825233441425
    },
    "плеер_NOUN": {
        "difference": 12.696171808652293,
        "freq1": 1.8219297630733768,
        "freq2": 23.13153329527676
    },