{
    "солсбери_VERB": {
        "difference": 1527.8067139975444,
        "freq1": 0.027865405188627616,
        "freq2": 42.572953135447285
    },
    "сергей::скрипаль_PROPN": {
        "difference": 1349.102968389167,
        "freq1": 0.027865405188627616,
        "freq2": 37.59330085534442
    },
    "пашинян_PROPN": {
        "difference": 1328.1438871141108,
        "freq1": 0.027865405188627616,
        "freq2": 37.00926756323359
    },
    "сергей::астахов_PROPN": {
        "difference": 1088.769116762149,
        "freq1": 0.027865405188627616,
        "freq2": 30.338992595441493
    },
    "бутина_PROPN": {
        "difference": 574.7200707528668,
        "freq1": 0.027865405188627616,
        "freq2": 16.014807641565366
    },
    "вышинский_ADJ": {
        "difference": 403.73809193003694,
        "freq1": 0.027865405188627616,
        "freq2": 11.250325521713865
    },
    "вышинский_PROPN": {
        "difference": 313.283109585056,
        "freq1": 0.08359621556588284,
        "freq2": 26.189282362022443
    },
    "ядрово_PROPN": {
        "difference": 292.87558308039564,
        "freq1": 0.05573081037725523,
        "freq2": 16.32219358478159
    },
    "analytica_PROPN": {
        "difference": 238.27166081116937,
        "freq1": 0.05573081037725523,
        "freq2": 13.279072746940956
    },
    "неканонический_ADJ": {
        "difference": 235.51388695918823,
        "freq1": 0.11146162075451047,
        "freq2": 26.250759550665688
    },
    "никополь_PROPN": {
        "difference": 220.07035338809393,
        "freq1": 0.05573081037725523,
        "freq2": 12.264699134327412
    },
    "аркадий::бабченко_PROPN": {
        "difference": 214.55480568413168,
        "freq1": 0.05573081037725523,
        "freq2": 11.957313191111187
    },
    "новичок_PROPN": {
        "difference": 206.97092759118357,
        "freq1": 0.22292324150902093,
        "freq2": 46.1386300767555
    },
    "экс-полковник_NOUN": {
        "difference": 158.2962191037167,
        "freq1": 0.16719243113176568,
        "freq2": 26.465929710917045
    },
    "никола::пашинян_PROPN": {
        "difference": 149.4713427773771,
        "freq1": 0.11146162075451047,
        "freq2": 16.660318122319442
    },
    "xs_PROPN": {
        "difference": 122.07745584769789,
        "freq1": 0.08359621556588284,
        "freq2": 10.205213314778698
    },
    "норд_PROPN": {
        "difference": 109.33041226520736,
        "freq1": 0.2507886466976485,
        "freq2": 27.418826134887343
    },
    "причастно_ADV": {
        "difference": 98.17674913052814,
        "freq1": 0.2507886466976485,
        "freq2": 24.62161405161969
    },
    "константинопольский_ADJ": {
        "difference": 93.0006197468097,
        "freq1": 0.724500534904318,
        "freq2": 67.37899875299671
    },
    "рпл_NOUN": {
        "difference": 87.36627563076212,
        "freq1": 0.13932702594313806,
        "freq2": 12.172483351362544
    },
    "вишня_NOUN": {
        "difference": 82.33609612474852,
        "freq1": 0.6966351297156904,
        "freq2": 57.35821700414774
    },
    "cambridge_PROPN": {
        "difference": 80.71084806798099,
        "freq1": 0.16719243113176568,
        "freq2": 13.494242907192314
    },
    "сергей::бабурин_PROPN": {
        "difference": 73.6325618478961,
        "freq1": 0.22292324150902093,
        "freq2": 16.41440936774646
    },
    "варфоломей_PROPN": {
        "difference": 71.22935891974112,
        "freq1": 0.1950578363203933,
        "freq2": 13.893844633373408
    },
    "предпенсионный_ADJ": {
        "difference": 61.77413428437725,
        "freq1": 0.22292324150902093,
        "freq2": 13.770890256086918
    },
    "бердянск_PROPN": {
        "difference": 59.47598940772631,
        "freq1": 0.33438486226353137,
        "freq2": 19.887870526089813
    },
    "африна_PROPN": {
        "difference": 49.05593016700546,
        "freq1": 0.947423776413339,
        "freq2": 46.47675461429335
    },
    "нацпроект_NOUN": {
        "difference": 44.455314493935774,
        "freq1": 0.2786540518862761,
        "freq2": 12.387653511613902
    },
    "турс_PROPN": {
        "difference": 40.11307421063458,
        "freq1": 0.30651945707490375,
        "freq2": 12.295437728649034
    },
    "константинополь_PROPN": {
        "difference": 37.755485037688786,
        "freq1": 1.4768664749972638,
        "freq2": 55.75981009942337
    },
    "межкорейский_ADJ": {
        "difference": 32.99300353824694,
        "freq1": 0.30651945707490375,
        "freq2": 10.11299753181383
    },
    "автокефалия_NOUN": {
        "difference": 30.744071460974784,
        "freq1": 1.5047318801858913,
        "freq2": 46.26158445404199
    },
    "яна_PROPN": {
        "difference": 29.93103887350183,
        "freq1": 0.41798107782941424,
        "freq2": 12.510607888900392
    },
    "анафема_NOUN": {
        "difference": 29.699103021335215,
        "freq1": 0.362250267452159,
        "freq2": 10.758508012567905
    },
    "нервный_ADV": {
        "difference": 25.835986613296875,
        "freq1": 0.5294426985839247,
        "freq2": 13.67867447312205
    },
    "болтон_PROPN": {
        "difference": 25.57208480927954,
        "freq1": 0.6130389141498075,
        "freq2": 15.676683104027516
    },
    "синод_NOUN": {
        "difference": 23.47643381686498,
        "freq1": 1.086750802356477,
        "freq2": 25.513033286946744
    },
    "объединительный_ADJ": {
        "difference": 23.165300356641467,
        "freq1": 0.8080967504702008,
        "freq2": 18.719803941868154
    },
    "союз-фг_PROPN": {
        "difference": 21.36549005324326,
        "freq1": 0.5294426985839247,
        "freq2": 11.311802710357112
    },
    "синод_PROPN": {
        "difference": 20.02833260001293,
        "freq1": 0.8916929660360837,
        "freq2": 17.85912330086272
    },
    "азовский_ADJ": {
        "difference": 19.598235860247186,
        "freq1": 2.981598355183155,
        "freq2": 58.43406780540453
    },
    "-паралитический_ADJ": {
        "difference": 18.930783087147862,
        "freq1": 0.863827560847456,
        "freq2": 16.352932179103213
    },
    "паралитический_ADJ": {
        "difference": 18.642551239392418,
        "freq1": 1.671924311317657,
        "freq2": 31.1689346421253
    },
    "отравить_VERB": {
        "difference": 18.208564722685917,
        "freq1": 4.235541588671397,
        "freq2": 77.12313315295107
    },
    "волоколамск_PROPN": {
        "difference": 17.870374560837703,
        "freq1": 0.9752891816019664,
        "freq2": 17.428782980360005
    },
    "вселенский_ADJ": {
        "difference": 17.725829172733867,
        "freq1": 0.8080967504702008,
        "freq2": 14.324184953876125
    },
    "сенцов_PROPN": {
        "difference": 17.23929328866342,
        "freq1": 1.1982124231109874,
        "freq2": 20.656335384130376
    },
    "паок_PROPN": {
        "difference": 17.198480567809572,
        "freq1": 0.6130389141498075,
        "freq2": 10.543337852316546
    },
    "павел::грудинин_PROPN": {
        "difference": 16.914346292150913,
        "freq1": 1.3375394490541255,
        "freq2": 22.623605420714224
    },
    "гру_PROPN": {
        "difference": 16.633730707212482,
        "freq1": 6.353312383007096,
        "freq2": 105.67928727773845
    },
    "олег::сенцов_PROPN": {
        "difference": 15.53741523414048,
        "freq1": 1.309674043865498,
        "freq2": 20.348949440914154
    },
    "максим::сурайкин_PROPN": {
        "difference": 14.757154301267896,
        "freq1": 1.2539432334882428,
        "freq2": 18.504633781616796
    },
    "салах_PROPN": {
        "difference": 14.625097460183783,
        "freq1": 0.863827560847456,
        "freq2": 12.633562266186882
    },
    "цар_PROPN": {
        "difference": 14.537407876871942,
        "freq1": 1.5604626905631465,
        "freq2": 22.68508260935747
    },
    "нервно_ADV": {
        "difference": 14.37544338080321,
        "freq1": 1.7555205268835397,