{
    "ipad_PROPN": {
        "difference": 879.4505531711924,
        "freq1": 0.02974237216713571,
        "freq2": 26.156945655010976
    },
    "олег::кашин_PROPN": {
        "difference": 380.64209435709154,
        "freq1": 0.02974237216713571,
        "freq2": 11.321198832846605
    },
    "wikileaks_NOUN": {
        "difference": 285.7430007776793,
        "freq1": 0.11896948866854284,
        "freq2": 33.99469869313555
    },
    "смог_NOUN": {
        "difference": 124.09211134718367,
        "freq1": 0.08922711650140715,
        "freq2": 11.072381276080746
    },
    "распадская_PROPN": {
        "difference": 64.67376243937056,
        "freq1": 0.3866508381727643,
        "freq2": 25.00616445496887
    },
    "джалал-абадский_ADJ": {
        "difference": 51.50171194254604,
        "freq1": 0.2379389773370857,
        "freq2": 12.254264670718577
    },
    "wikileaks_PROPN": {
        "difference": 46.97025843829494,
        "freq1": 0.3569084660056286,
        "freq2": 16.76408288709978
    },
    "порт-о-пренс_PROPN": {
        "difference": 38.16878143965341,
        "freq1": 0.2974237216713571,
        "freq2": 11.352301027442337
    },
    "гречка_NOUN": {
        "difference": 37.455790503669846,
        "freq1": 0.3271660938384928,
        "freq2": 12.254264670718577
    },
    "торфяник_NOUN": {
        "difference": 35.415052002454665,
        "freq1": 0.4461355825070357,
        "freq2": 15.799914854632075
    },
    "гарь_NOUN": {
        "difference": 33.88132927793892,
        "freq1": 0.2974237216713571,
        "freq2": 10.077111049017308
    },
    "гаити_PROPN": {
        "difference": 30.58450007832001,
        "freq1": 2.7660406115436214,
        "freq2": 84.59796930039221
    },
    "z_PROPN": {
        "difference": 25.776998972259086,
        "freq1": 0.5948474433427142,
        "freq2": 15.33338193569609
    },
    "погорелец_NOUN": {
        "difference": 24.88813693873291,
        "freq1": 0.7435593041783928,
        "freq2": 18.505805784460797
    },
    "хлопонин_PROPN": {
        "difference": 24.86489871563418,
        "freq1": 0.5353626990084429,
        "freq2": 13.31173928697348
    },
    "азаров_PROPN": {
        "difference": 24.759951901639944,
        "freq1": 0.9220135371812072,
        "freq2": 22.829010833267603
    },
    "николай::азаров_PROPN": {
        "difference": 21.7277385973065,
        "freq1": 0.5353626990084429,
        "freq2": 11.632220778803928
    },
    "ошский_ADJ": {
        "difference": 21.561751289458478,
        "freq1": 0.62458981550985,
        "freq2": 13.467250259952142
    },
    "коморовский_PROPN": {
        "difference": 19.90353808405671,
        "freq1": 0.8922711650140714,
        "freq2": 17.75935311416322
    },
    "собянин_PROPN": {
        "difference": 19.496869179829048,
        "freq1": 2.6768134950422144,
        "freq2": 52.18948253163902
    },
    "плетнев_PROPN": {
        "difference": 18.673572132902837,
        "freq1": 0.62458981550985,
        "freq2": 11.66332297339966
    },
    "сколково_PROPN": {
        "difference": 18.40467269418904,
        "freq1": 2.0819660516995,
        "freq2": 38.31790374194235
    },
    "распадская_ADJ": {
        "difference": 17.922479564890523,
        "freq1": 1.0707253980168858,
        "freq2": 19.19005406556691
    },
    "торфяной_ADJ": {
        "difference": 16.80447784313508,
        "freq1": 1.2789220031868356,
        "freq2": 21.49161646565111
    },
    "междуреченск_PROPN": {
        "difference": 15.923464236966241,
        "freq1": 0.6543321876769856,
        "freq2": 10.419235189570363
    },
    "киргиз_NOUN": {
        "difference": 14.724868663501983,
        "freq1": 1.1004677701840213,
        "freq2": 16.204243384376596
    },
    "астахов_PROPN": {
        "difference": 13.081752650281425,
        "freq1": 1.5168609805239215,
        "freq2": 19.84320015207729
    },
    "лубянка_PROPN": {
        "difference": 12.847417627437155,
        "freq1": 1.87376944652955,
        "freq2": 24.073098617096903
    },
    "катынь_PROPN": {
        "difference": 11.664758059019974,
        "freq1": 2.4983592620394,
        "freq2": 29.142756336201288
    },
    "аномальный_ADJ": {
        "difference": 11.435142283163541,
        "freq1": 3.212176194050657,
        "freq2": 36.731691817560005
    },
    "павел::астахов_PROPN": {
        "difference": 11.40172172037371,
        "freq1": 0.9220135371812072,
        "freq2": 10.512541773357562
    },
    "переписной_ADJ": {
        "difference": 10.3787713914674,
        "freq1": 1.1896948866854284,
        "freq2": 12.347571254505775
    },
    "кашин_PROPN": {
        "difference": 10.32164409301637,
        "freq1": 1.6060880970253284,
        "freq2": 16.577469719525386
    },
    "смертница_NOUN": {
        "difference": 9.4811950242792,
        "freq1": 1.3384067475211072,
        "freq2": 12.68969539505883
    },
    "ош_PROPN": {
        "difference": 9.388242131884308,
        "freq1": 1.3384067475211072,
        "freq2": 12.565286616675902
    },
    "смоленск_PROPN": {
        "difference": 9.284223418966214,
        "freq1": 5.62130833958865,
        "freq2": 52.18948253163902
    },
    "вконтакт_PROPN": {
        "difference": 9.191328767731969,
        "freq1": 1.6953152135267355,
        "freq2": 15.58219949246195
    },
    "сергей::собянин_PROPN": {
        "difference": 9.121896344060477,
        "freq1": 1.9332541908638214,
        "freq2": 17.63494433578029
    },
    "краснорубашечник_NOUN": {
        "difference": 9.097764343150265,
        "freq1": 1.1896948866854284,
        "freq2": 10.823563719314887
    },
    "речник_PROPN": {
        "difference": 8.812785675912863,
        "freq1": 3.8962507538947784,
        "freq2": 34.3368228336886
    },
    "планшет_NOUN": {
        "difference": 8.731762329345369,
        "freq1": 2.379389773370857,
        "freq2": 20.776265989949263
    },
    "жара_NOUN": {
        "difference": 8.600071029772415,
        "freq1": 7.1679116922797075,
        "freq2": 61.64454968874168
    },
    "корвет_NOUN": {
        "difference": 8.503874283014017,
        "freq1": 1.576345724858193,
        "freq2": 13.405045870760677
    },
    "рапси_PROPN": {
        "difference": 8.433538466245084,
        "freq1": 3.212176194050657,
        "freq2": 27.090011492882947
    },
    "луизиан_PROPN": {
        "difference": 8.042817362183213,
        "freq1": 2.0224813073652284,
        "freq2": 16.26644777356806
    },
    "жар_NOUN": {
        "difference": 7.341826110252965,
        "freq1": 1.4276338640225144,
        "freq2": 10.481439578761828
    },
    "пепел_NOUN": {
        "difference": 7.30510141839159,
        "freq1": 4.163932103399,
        "freq2": 30.417946314626317
    },
    "вр_PROPN": {
        "difference": 7.041181598913232,
        "freq1": 2.2306779125351786,
        "freq2": 15.706608270844878
    },
    "bp_PROPN": {
        "difference": 6.9534992313448525,
        "freq1": 8.655030300636492,
        "freq2": 60.18274654274225
    },
    "пожароопасный_ADJ": {
        "difference": 6.735146016748686,
        "freq1": 1.7547999578610072,
        "freq2": 11.818833946378325
    },
    "кот-д'ивуар_PROPN": {
        "difference": 6.734437054010081,
        "freq1": 2.2306779125351786,
        "freq2": 15.022359989738764
    },
    "янукович_PROPN": {
        "difference": 6.722485967845023,
        "freq1": 14.9901555722364,
        "freq2": 100.77111049017307
    },
    "horizon_PROPN": {
        "difference": 6.685138823579216,
        "freq1": 2.4983592620394,
        "freq2": 16.701878497908314
    },
    "янукович_NOUN": {
        "difference": 5.776358313111278,
        "freq1": 2.4983592620394,
        "freq2": 14.431418292419847
    },
    "цыган_NOUN": {
        "difference": 5.720703745185765,
        "freq1": 2.0224813073652284,
        "freq2": 11.570016389612464
    },
    "авиадиспетчер_NOUN": {
        "difference": 5.612030878341734,