{
    "хантсман_PROPN": {
        "difference": 393.2072661997762,
        "freq1": 0.026575111509832276,
        "freq2": 10.449526945735355
    },
    "хвасон_PROPN": {
        "difference": 377.47897555178514,
        "freq1": 0.026575111509832276,
        "freq2": 10.031545867905942
    },
    "емко_ADV": {
        "difference": 317.7114710894192,
        "freq1": 0.05315022301966455,
        "freq2": 16.886435544308338
    },
    "ирма_PROPN": {
        "difference": 240.64284691426303,
        "freq1": 0.05315022301966455,
        "freq2": 12.790220981580076
    },
    "хан-шейхун_PROPN": {
        "difference": 236.9729124297318,
        "freq1": 0.1063004460393291,
        "freq2": 25.190326290519366
    },
    "telegram-канал_NOUN": {
        "difference": 208.6619892633479,
        "freq1": 0.1063004460393291,
        "freq2": 22.180862530147582
    },
    "волкер_PROPN": {
        "difference": 136.8361286375221,
        "freq1": 0.1063004460393291,
        "freq2": 14.545741508463614
    },
    "вайнштейн_PROPN": {
        "difference": 98.35424418543735,
        "freq1": 0.13287555754916136,
        "freq2": 13.06887503346635
    },
    "рекс_PROPN": {
        "difference": 96.83692673468997,
        "freq1": 0.4517768956671487,
        "freq2": 43.74868614614535
    },
    "эммануэль::макрон_PROPN": {
        "difference": 75.14627754040167,
        "freq1": 0.31890133811798727,
        "freq2": 23.964248462219746
    },
    "реновация_NOUN": {
        "difference": 67.64280460242392,
        "freq1": 1.2490302409621168,
        "freq2": 84.48790853191893
    },
    "исламский_PROPN": {
        "difference": 60.81605717223206,
        "freq1": 0.23917600358849045,
        "freq2": 14.545741508463614
    },
    "харви_PROPN": {
        "difference": 56.35970815530125,
        "freq1": 0.4252017841573164,
        "freq2": 23.964248462219746
    },
    "рохиндж_NOUN": {
        "difference": 52.82084275950327,
        "freq1": 0.2126008920786582,
        "freq2": 11.22975829101693
    },
    "макрон_PROPN": {
        "difference": 45.19090285635898,
        "freq1": 1.6210818020997686,
        "freq2": 73.258150240902
    },
    "вороненков_PROPN": {
        "difference": 40.255306209206076,
        "freq1": 0.6112275647261423,
        "freq2": 24.605152781558182
    },
    "сенной_ADJ": {
        "difference": 39.02114013144446,
        "freq1": 0.3720515611376518,
        "freq2": 14.517876103274988
    },
    "лаврентьев_PROPN": {
        "difference": 38.31983539692365,
        "freq1": 0.292326226608155,
        "freq2": 11.201892885828302
    },
    "исаакиевский_ADJ": {
        "difference": 36.27337030692936,
        "freq1": 0.8504035683146328,
        "freq2": 30.84700354381077
    },
    "матильд_PROPN": {
        "difference": 32.72982387224804,
        "freq1": 0.3720515611376518,
        "freq2": 12.177182067430268
    },
    "спайсер_PROPN": {
        "difference": 32.560320990577964,
        "freq1": 0.5049271186868132,
        "freq2": 16.440589061290293
    },
    "шон::спайсер_PROPN": {
        "difference": 29.83132459568969,
        "freq1": 0.5315022301966454,
        "freq2": 15.855415552329113
    },
    "авиа_PROPN": {
        "difference": 28.857044369439137,
        "freq1": 1.275605352471949,
        "freq2": 36.81020025417708
    },
    "хейли_PROPN": {
        "difference": 28.460716410650473,
        "freq1": 0.5580773417064777,
        "freq2": 15.883280957517742
    },
    "мэттис_PROPN": {
        "difference": 28.45555112636542,
        "freq1": 0.7706782337851359,
        "freq2": 21.930073883449936
    },
    "пучдемон_PROPN": {
        "difference": 24.70390184444461,
        "freq1": 0.6643777877458068,
        "freq2": 16.412723656101665
    },
    "паблик_NOUN": {
        "difference": 23.991884623364125,
        "freq1": 2.232309366825911,
        "freq2": 53.55730877254228
    },
    "вим_VERB": {
        "difference": 23.70551518579566,
        "freq1": 1.3553306870014459,
        "freq2": 32.12881218248764
    },
    "хрущевка_NOUN": {
        "difference": 23.47593011533479,
        "freq1": 0.4783520071769809,
        "freq2": 11.22975829101693
    },
    "сешнс_PROPN": {
        "difference": 22.792224693404577,
        "freq1": 0.5049271186868132,
        "freq2": 11.508412342903206
    },
    "емкий_ADJ": {
        "difference": 22.543883262120502,
        "freq1": 0.7441031222753036,
        "freq2": 16.774973923553823
    },
    "шайрат_PROPN": {
        "difference": 21.84484812220979,
        "freq1": 0.9567040143539618,
        "freq2": 20.89905389147071
    },
    "кисляк_PROPN": {
        "difference": 20.831247169339253,
        "freq1": 1.1958800179424525,
        "freq2": 24.911672238633088
    },
    "тиллерсон_PROPN": {
        "difference": 17.066868575479653,
        "freq1": 4.996120963848467,
        "freq2": 85.26813987720051
    },
    "собчак_PROPN": {
        "difference": 16.88347583682655,
        "freq1": 1.567931579080104,
        "freq2": 26.472134929196233
    },
    "турбина_NOUN": {
        "difference": 16.741891600861585,
        "freq1": 1.5945066905899363,
        "freq2": 26.695058170705256
    },
    "серебренников_PROPN": {
        "difference": 16.17767038079079,
        "freq1": 1.3021804639817816,
        "freq2": 21.066246322602478
    },
    "siemens_PROPN": {
        "difference": 16.017022553606346,
        "freq1": 1.8336826941784268,
        "freq2": 29.370137068813506
    },
    "флинн_PROPN": {
        "difference": 15.921869609812479,
        "freq1": 1.7273822481390977,
        "freq2": 27.503154921175458
    },
    "увлекать_VERB": {
        "difference": 15.656798417772906,
        "freq1": 1.16930490643262,
        "freq2": 18.30757120892834
    },
    "пятиэтажка_NOUN": {
        "difference": 15.25720174935557,
        "freq1": 1.8336826941784268,
        "freq2": 27.976866809382127
    },
    "мугаба_PROPN": {
        "difference": 14.718573223675575,
        "freq1": 0.7175280107654713,
        "freq2": 10.560988566489867
    },
    "хохфильцен_PROPN": {
        "difference": 14.140482258765285,
        "freq1": 0.9301289028441295,
        "freq2": 13.152471249032233
    },
    "ахмат_PROPN": {
        "difference": 13.240547944191157,
        "freq1": 1.3553306870014459,
        "freq2": 17.945320941476183
    },
    "нацменьшинство_NOUN": {
        "difference": 12.650281080319685,
        "freq1": 0.8238284568048004,
        "freq2": 10.42166154054673
    },
    "криптовалюта_NOUN": {
        "difference": 12.228745978813041,
        "freq1": 2.1260089207865818,
        "freq2": 25.998423040989564
    },
    "алексей::учитель_PROPN": {
        "difference": 12.05171975390369,
        "freq1": 2.0994338092767495,
        "freq2": 25.301787911273873
    },
    "пхенчхан_PROPN": {
        "difference": 11.83028113899741,
        "freq1": 4.703794737240313,
        "freq2": 55.64721416168935
    },
    "кирилл::серебренников_PROPN": {
        "difference": 11.286504863141726,
        "freq1": 1.9134080287079236,
        "freq2": 21.595689021186402
    },
    "матильда_NOUN": {
        "difference": 11.07444026447589,
        "freq1": 1.9399831402177559,
        "freq2": 21.48422740043189
    },
    "криптовалть_NOUN": {
        "difference": 10.967861345199092,
        "freq1": 1.3287555754916136,
        "freq2": 14.573606913652243
    },
    "криптовалювать_NOUN": {
        "difference": 10.797861948408041,
        "freq1": 1.2490302409621168,
        "freq2": 13.486856111295767
    },
    "касперский_ADJ": {
        "difference": 10.398949351974508,
        "freq1": 2.896687154571718,
        "freq2": 30.122503008906452
    },
    "матильда_PROPN": {
        "difference": 9.866303057401211,
        "freq1": 3.3750391617486986,
        "freq2": 33.29915920041
    },
    "каталония_PROPN": {
        "difference": 8.817666270951126,
        "freq1": 13.048379751327646,
        "freq2": 115.05625802384343
    },